sym,kind,spec,hyp,x,y,n,b,t,r2,hit,signed_bp,years,same_sign_frac,max_year_share,max_year,t_ex2020,b_ex2020,t_winsor,b_winsor,b_2023,b_2024,b_2025,t_2023,t_2024,t_2025
QQQ,underlying,S1,H2,on1000,last30,2383,0.02538972750935264,0.9084987846796604,0.004015985857865112,0.4985312631137222,-0.2478666155312867,10,0.3,1.400132538680593,2020,-1.3103796625496078,-0.01357223917553679,-0.30481800640042617,-0.003162772199822995,-0.0011003542046410502,-0.008005999882174432,-0.03172962506841746,-0.05287549512948749,-0.35824686565784425,-0.8928980949799874
QQQ,underlying,S2,H2,on1000,last60,2383,0.04500415173921612,1.2678286348246073,0.008031074210479106,0.5014687368862778,0.6897947091679886,10,0.5,1.0632976697999554,2020,-0.26498497920193137,-0.003794515176186495,0.7048624977990732,0.010206178597182008,0.07006534353773433,-0.020331182740958645,-0.030419401660299977,2.811140684168649,-0.6298087845976629,-0.7201742171551092
QQQ,underlying,S3,H2,oc1500,last60,2383,0.03841799358943114,1.8901378243417408,0.006825292565637575,0.5140579101972303,2.0536912764186925,10,0.5,0.40560653834156285,2018,2.8641978200858875,0.052491451175505494,3.138890049657032,0.03867468700923494,0.05846909937236337,-0.02081917160024576,0.12052199048930236,2.580650458050427,-0.6889395625441842,1.5562004514844088
QQQ,underlying,S4,H2,oc1530,last30,2383,0.013374458523412836,1.1104270462648431,0.0014640820497828777,0.5002098195551825,0.5664684823722645,10,0.4,0.7144481861608994,2022,2.0455788142522686,0.020361490570175438,1.7022886834467632,0.014932876922077268,-0.0063796270815584845,-0.016388171848617364,0.013857078291450392,-0.42185169277611506,-0.717463296974472,0.3984175516755443
QQQ,underlying,S5,H2,oc1500,last30,2383,0.009039532236493932,0.6524695097086061,0.0005936786690835527,0.49769198489299205,0.45227098733618376,10,0.5,0.962145424580523,2018,1.4851224346216718,0.016181709064302614,1.1415761616756424,0.010445339371183318,-0.0034752167322015005,-0.020003541620400776,0.02337438516740446,-0.2232499229208671,-0.8612606366734447,0.5689212888005437
QQQ,underlying,S6,H1,pc1530,last30,2383,0.021072685466729645,1.5022382087839645,0.0060905015348597935,0.5044062106588334,0.9852623533837302,10,0.4,0.7076645476405558,2020,1.0250664739535034,0.008039728548736368,1.566320921286165,0.010785528285766987,-0.003250019266065859,-0.011889067204799325,-0.011599605494010854,-0.24728749170147374,-0.7976787618313358,-0.3397332344324983
QQQ,underlying,S7,H1,pc1500,last60,2383,0.046185196649963844,2.575284962363744,0.017056279722344803,0.5148971884179605,2.458654397945712,10,0.5,0.5205938870634178,2020,2.1663953202773274,0.028913581629402923,2.8755238854825986,0.029598352170717886,0.07653741786408111,-0.023632773940233377,0.04344247093211972,4.106869801335584,-0.888770960216707,0.6137402750388045
IWM,underlying,S1,H2,on1000,last30,2380,0.0033459819399240427,0.19516224052715958,0.00010119723527390878,0.48361344537815126,-1.1003777212338341,10,0.4,3.7434085255706555,2020,-1.763874838295282,-0.014515279594827839,-1.8110658118583218,-0.015422071055126664,0.007044598926530627,-0.012139563019184434,0.002281520723198583,0.5035854790077368,-0.7560379958527371,0.08850235540964752
IWM,underlying,S2,H2,on1000,last60,2380,0.01737136352717478,0.6701369231483455,0.0017396392439046338,0.5063025210084033,-0.3482664540577428,10,0.6,1.653626698950832,2020,-1.576078131530588,-0.017935216250067387,-0.7229747477468934,-0.009201297225890404,0.024190052963488633,-0.021480376612894488,0.00042684471755174275,1.0014145446776261,-0.8843472215989371,0.014942102002215003
IWM,underlying,S3,H2,oc1500,last60,2380,0.013931371019650644,0.9371786327753427,0.00112459240075502,0.5222689075630252,1.151277327239455,10,0.8,0.43444246008509696,2022,2.0377503858748907,0.0273862194769963,1.7894809651363952,0.01915960486941711,0.00046171637359226567,-0.020137433834616962,0.06195238629444191,0.01856486999727911,-0.48568431818412133,1.2414148546670516
IWM,underlying,S4,H2,oc1530,last30,2380,-0.014502604062589665,-0.8893263703817069,0.0021471380917478244,0.49411764705882355,-0.01954100260545707,10,0.5,1.3752326171325395,2020,0.8271639892838833,0.006814876051498693,0.41213558766232633,0.003275014203301069,-0.0060112700335546365,-0.018843823739876694,-0.034428572451013696,-0.3428386394667103,-0.7820752838217502,-1.7786085456726701
IWM,underlying,S5,H2,oc1500,last30,2380,-0.014342920682338747,-1.0252263411509517,0.0018690146476705305,0.4953781512605042,-0.369937085093825,10,0.5,1.1256401408105359,2020,0.26834209325205305,0.002232713359901726,-0.0883148508312243,-0.0007039017043642742,-0.008695287822646374,-0.029386596699066722,-0.029518944645756422,-0.4730930734791962,-1.1961684673623256,-1.42114748021904
IWM,underlying,S6,H1,pc1530,last30,2380,-0.0036440068942545883,-0.3442734606205425,0.00022843295901842087,0.4991596638655462,0.7012611859718352,10,0.4,1.012388731597215,2020,0.009442683299239672,5.9527057141660166e-05,-0.3865293140626078,-0.00233945743735963,0.006485857546861161,-0.01606953745548858,-0.034394168408192954,0.5093280129668438,-1.1260353045554583,-2.018911043900061
IWM,underlying,S7,H1,pc1500,last60,2380,0.01841465621444465,1.2572660196746106,0.0034485699868106456,0.5096638655462185,1.3315977245099164,10,0.8,0.6328567207952451,2020,1.0198182752131428,0.009864960333991831,1.0002937212559497,0.008910636533669646,0.022825434831007886,-0.026904929049960086,0.02314570938074359,1.1041414163008063,-0.978085060524314,0.6504431956023551
XLK,underlying,S1,H2,on1000,last30,2376,0.03404399721079279,1.1832523957899084,0.007045741176501363,0.4898989898989899,0.3203967742709298,10,0.5,1.16255748368334,2020,-0.692576027820196,-0.0075019507772449215,0.3146231999778029,0.003304075226535244,-0.015798109267441372,0.0028044351146727297,-0.028201080915083852,-0.7905320025517258,0.11238531550026161,-0.7810150641477163
XLK,underlying,S2,H2,on1000,last60,2376,0.05329171549650417,1.5152138395825145,0.011556346749523105,0.4957912457912458,1.1139280832694167,10,0.5,0.9536151679239727,2020,0.22752513398108365,0.00334408093265222,1.054158667566308,0.015197723274757506,0.05406185424541904,-0.023219254653867184,-0.024507532000563284,2.5285421322543806,-0.6941960441967083,-0.5685350749736937
XLK,underlying,S3,H2,oc1500,last60,2376,0.03319492585760873,1.2619315568149967,0.004900790977064418,0.5185185185185185,2.1680585708921405,10,0.5,0.4567926078869248,2025,2.6742879494157794,0.0534648864772299,3.2729993423005928,0.04106939259843824,0.04987679019794487,-0.011326905873903233,0.1299225205387543,2.3629779940583044,-0.40823482307995307,1.6244153561854546
XLK,underlying,S4,H2,oc1530,last30,2376,0.012061671327720798,0.7576309184529678,0.001078034422684393,0.5016835016835017,0.7937535936184792,10,0.7,0.7154158403520607,2018,2.2484012223434697,0.022366321835813222,2.227552313877211,0.020520936306275495,-0.024471728183897902,0.0010238070522999238,0.019994678547207156,-1.5182227433965645,0.049014983872867755,0.6097904564771173
XLK,underlying,S5,H2,oc1500,last30,2376,0.007853253926465189,0.42138315299433954,0.00040979483855585475,0.5109427609427609,0.6522099028265891,10,0.6,1.06816428413066,2018,1.6862959491444436,0.018810154663887982,1.6514792980306667,0.015931208044702008,-0.022416984869423867,-0.0024186418414879856,0.02920963139008385,-1.328163525887202,-0.11320840296186328,0.7358897187812192
XLK,underlying,S6,H1,pc1530,last30,2376,0.027856641809090987,1.7681533826165716,0.009917326284824224,0.5117845117845118,1.6831422681355994,10,0.6,0.7323918491738862,2020,1.2484556942545013,0.009880273534101367,2.278201974401811,0.016178085730411147,-0.01929581337505381,0.0017203916660597823,-0.009689612210589357,-1.435466816373449,0.12063800168689542,-0.3068603829977216
XLK,underlying,S7,H1,pc1500,last60,2376,0.05068131341689075,2.599306020324756,0.020283378784069384,0.5244107744107744,3.3260094092088472,10,0.5,0.5711853646338751,2020,2.0235492069455194,0.02883624618345801,3.0486552125572612,0.032002067700990726,0.06612227354749409,-0.01926914772179945,0.04135814114688374,3.828928857879035,-0.7396442359144472,0.6108903893238039
SOXX,underlying,S1,H2,on1000,last30,2371,-0.0020081345467433567,-0.17665675151806684,3.753884882284897e-05,0.4808097849008857,-1.0960112621369025,10,0.6,2.8378631973226565,2022,-1.3104404489542159,-0.011994488083000155,-0.5505685188587857,-0.004195302532323125,-0.02684572864290838,0.02297357768495179,-0.04601175448806263,-1.3296495779468693,0.9038706324150735,-1.1429710422980777
SOXX,underlying,S2,H2,on1000,last60,2371,0.016677228052399698,1.2072494121451842,0.001580010615861882,0.49894559257697174,-0.37255818489857,10,0.6,0.8179694870684393,2020,0.32181223662387026,0.0036878267688680686,0.7674274444449073,0.00823493656595181,0.04256164299900722,0.016316468912107605,-0.026059172744891997,1.8991171384761234,0.5355444091010815,-0.6130218432496105
SOXX,underlying,S3,H2,oc1500,last60,2371,0.036754988770723813,2.085863919086286,0.008630315140296663,0.5221425558835934,2.489925842274766,10,0.7,0.37740385100629426,2025,2.429329508700121,0.04347996616858296,3.528140370157889,0.03711863274402443,0.05268879114591904,0.008253467170169088,0.1277178022088684,2.51639314824286,0.3239430305339306,1.6209523168271966
SOXX,underlying,S4,H2,oc1530,last30,2371,0.00611226526731011,0.6047022413618686,0.0004390653412943424,0.5035849852382961,0.5520953270291346,10,0.5,1.0303661234562211,2018,1.4170791779938794,0.01105614228417544,1.8056685127137317,0.01224542992248248,-0.02462181296843222,0.00778720703291847,-0.004302466433831554,-1.5882652901033545,0.39811381060967277,-0.12385571264907608
SOXX,underlying,S5,H2,oc1500,last30,2371,0.003548903845006657,0.33972893591957976,0.00013184558643886124,0.49557148882328134,-0.13794521486082284,10,0.6,1.776299102846823,2018,0.9726429390719541,0.008196938966666236,1.2986484629596453,0.009136757857493046,-0.021329385461575444,0.007619826306317116,0.0009649073991023597,-1.2936691399592735,0.36301844076458933,0.024499293704701497
SOXX,underlying,S6,H1,pc1530,last30,2371,0.0034778060808084103,0.414383684205956,0.00023788341841268767,0.5094896668072543,1.1038364072969267,10,0.5,1.134026727628285,2018,0.24203031436181657,0.001642547391385429,1.1419910098523889,0.00626408438237849,-0.023591803644209295,0.014729377676395176,-0.028389878463467258,-1.8899884936529758,0.9452486175923919,-0.847088277635465
SOXX,underlying,S7,H1,pc1500,last60,2371,0.02909250245614571,2.5124419095054473,0.00934736521117141,0.5314213412062421,3.817015295489178,10,0.9,0.2795003258537264,2020,2.054243350936889,0.025237821082879343,2.9183857749743667,0.024074028577572456,0.05430340003525641,0.009026876875259387,0.036716580035190495,2.955343258598005,0.4111155558225465,0.5632287873154868
DIA,underlying,S1,H2,on1000,last30,884,-0.019992010856673823,-1.1430768986956668,0.002907368709894609,0.498868778280543,-0.9968948077915187,4,0.75,0.7974837748340683,2022,-1.1430768986956668,-0.019992010856673823,-1.2064685782566895,-0.019373172942267765,0.023717621637889905,-0.031021814256735114,-0.0057407927887676916,1.1017675801348772,-1.4769874804342493,-0.16452293232733178
DIA,underlying,S2,H2,on1000,last60,884,-0.014319908330545979,-0.6775368800011318,0.0008175937668840616,0.4830316742081448,-0.7026399086482197,4,0.5,0.7049708063219652,2022,-0.6775368800011318,-0.014319908330545979,-0.41847112102187,-0.00843027527353026,0.024771868898858577,-0.04602496728480891,0.004518578645652823,0.7839674589124742,-1.8215362035828289,0.1310232411090182
DIA,underlying,S3,H2,oc1500,last60,884,0.024608234336342336,0.7014234070248213,0.0031007014734034666,0.505656108597285,0.1838771048116603,4,0.5,1.2733470785226828,2025,0.7014234070248213,0.024608234336342336,0.3047110842740281,0.006681015111770137,0.009294892709389322,-0.048907479571766777,0.11594207877970879,0.35212495267395844,-1.0731087797680299,1.6178309529190105
DIA,underlying,S4,H2,oc1530,last30,884,0.009721831371008346,0.6243894970835451,0.0009875949051958433,0.502262443438914,0.4018518809939656,4,0.75,0.9670645117927006,2022,0.6243894970835451,0.009721831371008346,0.3140907330408782,0.004880493481030294,0.012251665561015208,-0.0366205150157404,0.01070042654420601,0.6421445522485807,-1.083152538265811,0.3275536935790165
DIA,underlying,S5,H2,oc1500,last30,884,0.0022016725190590267,0.12349069333435735,4.528293307859421e-05,0.48981900452488686,-0.7337798083688636,4,0.75,2.670754978533704,2025,0.12349069333435735,0.0022016725190590267,-0.21726624025043687,-0.003468524181137224,0.00713023224685649,-0.042296180574880285,0.02111367122777982,0.3667950078703869,-1.37629533229839,0.5518965261659499
DIA,underlying,S6,H1,pc1530,last30,884,0.0012316789448102734,0.10563517396484413,2.2338879306915693e-05,0.5101809954751131,0.05309696779240237,4,0.75,2.589783943697037,2023,0.10563517396484413,0.0012316789448102734,-0.1855713342132034,-0.0019153188868929203,0.022291995304065237,-0.03300256043115975,0.0029489622218318275,1.3441986367973957,-1.6238456307800184,0.10531479904450719
DIA,underlying,S7,H1,pc1500,last60,884,0.01430562336523304,0.6403978460511457,0.001517240567976641,0.5135746606334841,1.4323281908157235,4,0.75,1.192043654115349,2025,0.6403978460511457,0.01430562336523304,0.5077166666511636,0.007907823108224861,0.03367092833638881,-0.046053825820879433,0.06898501428628183,1.6488459971814864,-1.6183852466886786,1.2294991591381645
XBI,underlying,S1,H2,on1000,last30,1384,0.02189090892454056,1.6088563744408302,0.004030278292550982,0.5115606936416185,2.0907708426855076,6,0.3333333333333333,1.090849408100983,2020,-0.266939321203027,-0.0025910550804275024,1.2359911988120573,0.012582892608732856,-0.0023641153582989035,-0.018029783351590136,-0.005055117090678259,-0.11477101033962092,-1.0120513253806056,-0.21955781121563578
XBI,underlying,S2,H2,on1000,last60,1384,0.0422023071051421,2.048773433306282,0.008022672798326469,0.5130057803468208,2.9110435640315866,6,0.5,0.8728484780932759,2020,0.4873336430122877,0.00691955149626109,1.9465765939417667,0.028342096996873095,-0.0016085892885442088,-0.04333459463594769,-0.03180685129341177,-0.05732390124818605,-1.8840941664714719,-1.3319261622241474
XBI,underlying,S3,H2,oc1500,last60,1384,0.03857748642518351,2.760170865981697,0.009665344143751753,0.5325144508670521,5.580882935732683,6,0.6666666666666666,0.49905728018680356,2022,2.79854162863125,0.03886195628186812,3.166133091512732,0.039839487383520195,-0.02034341365805945,-0.018954004290962452,0.08648547098545335,-0.8448544364171735,-0.5343727794167232,2.3332593500440124
XBI,underlying,S4,H2,oc1530,last30,1384,0.017210682144734642,1.7901097939103843,0.00398738816242572,0.5267341040462428,3.59764886757107,6,0.5,0.6108024203708831,2022,1.8757403787181397,0.017526000139202854,2.3154606837080074,0.02034863260433893,-0.009572492513713872,-0.013030399480961989,-0.0020963756997239985,-0.49049345426646823,-0.5454307307070855,-0.14321791182277258
XBI,underlying,S5,H2,oc1500,last30,1384,0.01240484266879029,1.2132159012481385,0.0018659188108525182,0.5252890173410405,2.7724419200750328,6,0.6666666666666666,0.6226474345525116,2022,1.3749494531772972,0.012719764580897559,1.7996845249951194,0.015984101326812175,-0.015311015252758423,-0.017669118536319414,0.005899258765352626,-0.8450574945160056,-0.6998792741962973,0.3687451229975136
XBI,underlying,S6,H1,pc1530,last30,1384,0.02394488154721209,2.7499190530055446,0.010254257181211202,0.5325144508670521,5.137410727914712,6,0.5,0.6153589016967563,2020,1.4768507351362834,0.011830316500201105,2.790670923144894,0.020497729332286455,-0.003478514988515322,-0.0214218395779018,-0.011418851861704998,-0.21424934329550144,-1.1486502710630326,-0.7927137303112088
XBI,underlying,S7,H1,pc1500,last60,1384,0.0451341876075011,3.4068270012723825,0.017912289918244673,0.5310693641618497,6.624037364416832,6,0.6666666666666666,0.5535546560647616,2020,2.286384094848561,0.025676981417135574,3.709176967450505,0.03994210890384842,-0.006132912397135497,-0.03932762268277184,0.03673376332364172,-0.2712752613247408,-1.4316600966137518,1.1984375342197968
NVDA,underlying,S1,H2,on1000,last30,1391,0.0017476650154147053,0.1208318592768654,3.2256533481267446e-05,0.509705248023005,-0.5737798544538828,6,0.3333333333333333,8.71218622397471,2020,-1.7589119062615313,-0.016579036789118186,0.0793082409535401,0.0007850982131202877,-0.017080490483504122,0.019130816937377143,-0.03721846099448862,-1.1690262344074756,0.9738243711817813,-1.1698569349167576
NVDA,underlying,S2,H2,on1000,last60,1391,0.005722350324377368,0.3392088559294458,0.00021841672096833964,0.507548526240115,-0.9257977858552205,6,0.3333333333333333,3.4645198589559856,2020,-1.4403849288159298,-0.017307821493159917,0.07555738950690373,0.001011696752075955,0.007559200183157013,-0.007020879601902562,-0.03127695760898054,0.4167750276929232,-0.28117250476079975,-0.7478014094525569
NVDA,underlying,S3,H2,oc1500,last60,1391,0.03011550579145623,2.2809031272792657,0.006521569281373596,0.5269590222861251,6.002605528480319,6,1.0,0.2740439170164744,2023,2.309280199328902,0.033906962872506004,3.034701585883803,0.03410482317266169,0.07400893714462378,0.014451112978580118,0.05452458469729223,3.4632832831166063,0.8427033270860332,1.0803628676607566
NVDA,underlying,S4,H2,oc1530,last30,1391,0.018868802593023835,2.02101391911233,0.004339347191247844,0.5370237239396118,4.615068590603032,6,0.8333333333333334,0.3153005400009212,2022,3.049413676245773,0.024984005788015767,3.145356479877488,0.023206389172604026,0.031123815547859715,0.03402260965959943,0.016393978965386132,1.8772546834523582,2.9384308988673213,0.504068797843586
NVDA,underlying,S5,H2,oc1500,last30,1391,0.016272614453798018,1.8180750281379858,0.003014746278728331,0.5255212077641984,2.722461102707851,6,0.8333333333333334,0.35720750596667716,2024,2.359707802939001,0.02041606532347759,2.610187567691118,0.019822687131476925,0.03556273336213722,0.03304522107855114,0.015823981816636162,2.0884536834366836,2.8637354181031482,0.44034256933291294
NVDA,underlying,S6,H1,pc1530,last30,1391,0.01131676274337128,1.212218642164869,0.0025972777493145083,0.5420560747663551,4.329313517170918,6,0.6666666666666666,0.686693027911849,2020,0.6090018877401934,0.004329303374377222,2.504359992305195,0.016475421987747017,-0.002430319434829185,0.02274109421179567,-0.01590689744099177,-0.16639590490017084,2.044841526230044,-0.5972285002719941
NVDA,underlying,S7,H1,pc1500,last60,1391,0.021047951970398597,1.7700204323229867,0.0054117037798833145,0.5413371675053918,7.663990346281993,6,0.6666666666666666,0.6248493036032454,2020,0.8717724255265492,0.009611245703675667,2.286532932594976,0.023244403548216674,0.02979779732248706,-0.0016654083524557544,-0.0010551363328863725,1.4541932685079804,-0.07799545161353102,-0.026082034649136734
TQQQ,letf,S1,H2,on1000,last30,2383,0.016192816873631565,0.6628461619365492,0.0016168566393403028,0.49643306756189676,-1.6081577419157898,10,0.3,1.6975960807277235,2020,-1.411323719985695,-0.014990688951960464,-0.4920172710107683,-0.0050714045962364195,-0.004269807451036953,-0.010069591782316771,-0.0345244532837628,-0.2105363228937675,-0.4449363195201812,-0.9031053135026462
TQQQ,letf,S2,H2,on1000,last60,2383,0.037130719514932804,1.1269919003571025,0.0054897806250308046,0.5039865715484683,1.1539372810201554,10,0.5,1.1350518250361683,2020,-0.45640459461611954,-0.006637086552359923,0.5543110033281164,0.007984429908344987,0.06688832626676872,-0.02337801566361327,-0.034196521566395834,2.7093850290381276,-0.7108880561427293,-0.7787779034550049
TQQQ,letf,S3,H2,oc1500,last60,2383,0.035971194781819496,1.8880746304959501,0.0060811574345364106,0.5157364666386908,5.93567892528988,10,0.5,0.43076532077138774,2018,2.762189997006467,0.048403691087048104,2.9704716606657087,0.03712228795776713,0.05658409597911,-0.02071290055341218,0.10360963248157112,2.5261520261990515,-0.6832673526662972,1.4384594227848844
TQQQ,letf,S4,H2,oc1530,last30,2383,0.01128722226271743,0.9267145811604068,0.0010432708242859023,0.4951741502308015,1.3361532116031551,10,0.5,0.8203124778810016,2022,1.8650221337670778,0.0188227600583308,1.5952927759294426,0.014140823124463344,-0.007898516177075064,-0.016393358430836825,0.008599782564310971,-0.5136897037768025,-0.7081380207219523,0.24018924402097716
TQQQ,letf,S5,H2,oc1500,last30,2383,0.00823733669604081,0.6143281182626199,0.0004938426584311095,0.49391523289970624,1.2283335350881914,10,0.5,1.033152584656935,2018,1.3027231982342613,0.014438835825325716,1.016819795242308,0.009370425961301604,-0.004979293873653741,-0.020690205563517874,0.018414783586843127,-0.31579673296913424,-0.8849995579544455,0.4312160796892853
TQQQ,letf,S6,H1,pc1530,last30,2383,0.015347667036221932,1.1639246422112712,0.00318720681970186,0.5031472933277381,2.41184976128078,10,0.4,0.6743850610019761,2020,0.8070317129437188,0.006476429219411535,1.408199773883423,0.00974288259542499,-0.00559325445861059,-0.01265493477427183,-0.015829852701833576,-0.4232105579434229,-0.82612245749855,-0.44826442664391103
TQQQ,letf,S7,H1,pc1500,last60,2383,0.04124501116778629,2.390799689282459,0.013608351345987146,0.5161561057490558,6.755538413741325,10,0.5,0.519897453599536,2020,1.9556463832666808,0.02564458715723265,2.671218394067629,0.0276263632093545,0.07422217791416601,-0.025456903806109592,0.03377011137408221,4.034615980066412,-0.9395989981627061,0.5041945770163379
SQQQ,letf,S1,H2,on1000,last30,2383,0.018107523552644562,0.831193417419398,0.0021106720224006725,0.49097775912715064,-0.9894257898268448,10,0.3,1.4989793918388896,2020,-1.1656375347504409,-0.012000530036919766,-0.4431709634116176,-0.004495792819616187,-0.003618974595206994,-0.010225460710037727,-0.024448737958112737,-0.16549899255999828,-0.48797808396199155,-0.7626364586662215
SQQQ,letf,S2,H2,on1000,last60,2383,0.03695856181217268,1.3136022731364723,0.005406279637306555,0.49769198489299205,1.7596092092945164,10,0.5,1.0161043327719286,2020,-0.05681904073538334,-0.0008161649194209286,0.555153575943986,0.00781887989629468,0.06890465735709742,-0.02132758437009345,-0.024176102104530955,2.6456147416570532,-0.7003547704666322,-0.5779045103018694
SQQQ,letf,S3,H2,oc1500,last60,2383,0.043569079684118904,1.9128217264480016,0.008857089791147521,0.5102811582039446,6.153524232035283,10,0.5,0.406727884320973,2025,2.5522830009544477,0.05734347190084021,3.0959574491121833,0.03697794423065438,0.055114330485279146,-0.027508757340598416,0.1746788133891334,2.3951045509560855,-0.9268362693897775,1.747173773760649
SQQQ,letf,S4,H2,oc1530,last30,2383,0.016654725716879055,1.425221166667612,0.002371078467672705,0.4913973982375157,1.9230077205126002,10,0.5,0.5462802995173227,2018,2.003995674737047,0.02107952263692559,1.6235852369175592,0.013905411821753677,-0.009878939346223678,-0.021463233883786587,0.03194319062798302,-0.657982576299214,-0.9664933056431014,0.8653232684654533
SQQQ,letf,S5,H2,oc1500,last30,2383,0.011099970102042247,0.8203073364044215,0.0009350011584957629,0.4888795635753252,0.9581592888009,10,0.5,0.7903803606781494,2018,1.474940268888168,0.016699104861216767,1.010877634572581,0.009075164162430836,-0.007114112146708862,-0.023808769932710576,0.04117633736903466,-0.4620733167034583,-1.0389712286373995,0.9577889454144348
SQQQ,letf,S6,H1,pc1530,last30,2383,0.019985669574991573,1.650331552894194,0.005655586538748203,0.4989509022240873,2.8539875025553423,10,0.5,0.6407325720746044,2020,1.1356736242092162,0.00928953872996639,1.418176934857409,0.009620442669863954,-0.0066160185635839195,-0.014584789620245352,0.0029290068531105154,-0.49149989360811336,-1.0496375474286692,0.08136307555823598
SQQQ,letf,S7,H1,pc1500,last60,2383,0.044828778607470685,2.70744871451342,0.016023722742671276,0.51237935375577,7.16693488840452,10,0.5,0.43638924835497955,2020,2.1147648182016314,0.0327103458397471,2.7225438525875187,0.027038011069500826,0.07370724547884669,-0.025724421744438907,0.07461960166208441,3.734559685840853,-1.0254196344657749,0.8402177363274502
TNA,letf,S1,H2,on1000,last30,2380,-0.010689198783486084,-0.864915331050666,0.0010146722589892132,0.48823529411764705,-3.8837983407569365,10,0.6,0.7369921642158521,2022,-2.004100145826341,-0.01683893581842569,-2.15654623507208,-0.01800445335776032,0.008853013183683877,-0.015227576653053472,0.0009165709867401026,0.6174569967972364,-0.941145891328349,0.033441059457127345
TNA,letf,S2,H2,on1000,last60,2380,0.003683149425790327,0.20151232664809002,7.795158898649124e-05,0.5016806722689076,-1.6537858483329935,10,0.5,4.637648930067152,2020,-1.777503919133176,-0.020710650362345692,-0.9444141924139979,-0.011798216274334566,0.025528831706692477,-0.025817930831651483,-0.0013702831447799347,1.0433907606958632,-1.0490732592475327,-0.04634136996250926
TNA,letf,S3,H2,oc1500,last60,2380,0.02393546668513548,1.9912579974487827,0.0034287880021234285,0.5247899159663866,4.747388508852054,10,0.9,0.23374836731070095,2022,2.063587461404441,0.02739174542444093,2.2063512151200917,0.023204765332231453,0.0051812143594475455,-0.018668535157245255,0.056367992283600656,0.20950146489512156,-0.4468782408329908,1.190939771828835
TNA,letf,S4,H2,oc1530,last30,2380,-0.010342386989543002,-0.6870030068810267,0.0011183829236217635,0.5012605042016807,1.102845848863587,10,0.4,1.5520837794573485,2020,0.8613969466338254,0.007258788348116387,0.6812367630589484,0.005316147812230011,-0.0015810098244671317,-0.01850943618261965,-0.0338357790104273,-0.08846853059092621,-0.746763313842095,-1.6571102431005176
TNA,letf,S5,H2,oc1500,last30,2380,-0.00815344689855669,-0.7077557142098689,0.0006148773757541637,0.4991596638655462,-0.2676782247926611,10,0.5,1.2463735909865796,2020,0.29531486494954273,0.0025219804837840827,0.1894369459101098,0.0014707893855716082,-0.004006419232662451,-0.029964686633203178,-0.028961754192941412,-0.21321710692563475,-1.1930980247368532,-1.306461005518858
TNA,letf,S6,H1,pc1530,last30,2380,-0.008934625458218836,-0.8223503020970933,0.0013810083371570414,0.5016806722689076,2.065451817896993,10,0.5,0.9550044676265467,2020,-0.09194351282580869,-0.0005970067056423904,-0.5239931631529887,-0.0031368580289867255,0.009469794979257146,-0.017706375292542525,-0.0344046933901529,0.7114238464319711,-1.1876807690366482,-1.8380140234234819
TNA,letf,S7,H1,pc1500,last60,2380,0.015088657646771223,1.2029472758959359,0.0023658738361195253,0.5063025210084033,3.993097538454173,10,0.8,0.6148445976802558,2020,0.8691966523716838,0.008486280401205831,0.9043428709090221,0.008024978297522606,0.02582693994690674,-0.029088170513668625,0.019070846659758865,1.2390774163372704,-1.0421259056321985,0.5646945439937116
TZA,letf,S1,H2,on1000,last30,2380,0.003743408246254727,0.23563852936322718,0.00012969547010110993,0.4827731092436975,-3.187097040997283,10,0.4,2.995005663907168,2020,-1.4412859348072917,-0.011672997829896782,-1.605062908434183,-0.0131874424486291,0.01287896055458667,-0.008447947257832803,0.0023346047519605755,0.8977289540472068,-0.5587920084059903,0.0937380885786221
TZA,letf,S2,H2,on1000,last60,2380,0.014756195590885772,0.637583860061774,0.0012302458984070341,0.49789915966386555,-0.7560201985008741,10,0.6,1.590941794602273,2020,-1.2010111534277246,-0.013611529312849776,-0.5675959412179403,-0.00696757573548872,0.030001293366982852,-0.014969101226935438,0.00221827712906879,1.1339682356610086,-0.6155617695425337,0.08030356762657517
TZA,letf,S3,H2,oc1500,last60,2380,0.01825313349167543,1.1416916549039609,0.0019239827776873497,0.511344537815126,5.118814972740347,10,0.8,0.3956658407700252,2025,2.2064650973846915,0.03107108760946394,2.3713757905514896,0.02470378077822384,0.007705154796835747,-0.023287954950300435,0.07977284879767721,0.2908515148974735,-0.5576235825252979,1.3931086897304545
TZA,letf,S4,H2,oc1530,last30,2380,-0.007705895674021902,-0.542945184857097,0.0006270988441077208,0.4903361344537815,1.1267141861360597,10,0.4,1.8440383392417399,2020,0.9937119401566424,0.00809089072530078,1.003745361997952,0.007475422002193915,0.0020566090763490096,-0.0182258171020623,-0.03846101202514849,0.11266379187454455,-0.7889074024100862,-2.1078969968639405
TZA,letf,S5,H2,oc1500,last30,2380,-0.009505002998051485,-0.7294417266525074,0.0008546300108623894,0.4928571428571429,0.2849140690549427,10,0.4,1.330002395306403,2020,0.47669950392982735,0.0038805622258640954,0.6298985730159985,0.004648564535829662,-0.00039708030695049406,-0.028696093215162546,-0.033931974700408395,-0.02061438020869836,-1.1957551521755228,-1.6918493363215183
TZA,letf,S6,H1,pc1530,last30,2380,-0.0009874651597230602,-0.09553209189303045,1.733896018663028e-05,0.4966386554621849,2.9295241335871416,10,0.5,2.955693172234067,2025,0.23954942084034844,0.0014975399187728321,0.03187908699457258,0.00018752241679232708,0.01377038405758078,-0.014480454265925436,-0.037167079538335125,1.0388763430905337,-1.0533899161464082,-2.2004556534266424
TZA,letf,S7,H1,pc1500,last60,2380,0.01799875375760748,1.3084117001769617,0.003264197606003494,0.5008403361344538,4.591124891682876,10,0.9,0.4835863056357166,2020,1.3533361343829564,0.013501421318606065,1.3665034496597108,0.011967378963251308,0.02968293943530932,-0.025335079012886803,0.035957634266376576,1.3192714248491635,-0.8990056556162691,0.8492433325211202
TECL,letf,S1,H2,on1000,last30,2344,0.019940942814075914,0.8348739278845174,0.002407576994744476,0.4859215017064846,-1.3353339779128164,10,0.3,1.5620623130602347,2020,-1.3397950080751826,-0.015186308485570567,-0.19092132250159366,-0.0020056911724416976,-0.01702581537395674,-0.005582456402488501,-0.04714738770342149,-0.8565587729782657,-0.221795931129649,-1.229392385050362
TECL,letf,S2,H2,on1000,last60,2344,0.04084571846890374,1.2930887963386788,0.0068246918296189785,0.5017064846416383,1.2773481788036942,10,0.5,1.091957920559666,2020,-0.3377702828221203,-0.005080445364864918,0.7341246865994525,0.010606223891321317,0.05327417641909998,-0.031772614591447715,-0.04540499944748149,2.519677962861966,-0.9216093890902527,-1.043295439451145
TECL,letf,S3,H2,oc1500,last60,2344,0.029204337782273555,1.3899957232147087,0.003839272659839743,0.5174914675767918,4.625638768437615,10,0.6,0.45301754497361396,2018,2.426572695737593,0.04385649677222784,2.583782051620213,0.03357884263820835,0.04320533787844038,-0.016822476548227005,0.09635663184179835,2.0059921736306445,-0.6235008919079698,1.305494455022997
TECL,letf,S4,H2,oc1530,last30,2344,0.008883957595207052,0.6518870532907763,0.000585980283618226,0.5119453924914675,1.928392758150965,10,0.5,0.9815553503312112,2018,1.6925305827525015,0.016647057091809782,1.610213477058492,0.01536790552227031,-0.026730339790398624,-0.005438246003771022,0.0035952628632626516,-1.6453126150780706,-0.2643020983861277,0.10538032163681807
TECL,letf,S5,H2,oc1500,last30,2344,0.005641107276279549,0.36407913169416917,0.0002120224215339528,0.5106655290102389,0.4116401763914584,10,0.6,1.4970891862607254,2018,1.1759648447399202,0.0129530644895288,1.0350168485818791,0.010323034704704848,-0.025173887366731547,-0.009809735905381018,0.012614577497048038,-1.4712293744146543,-0.4644486769955727,0.30718935531571323
TECL,letf,S6,H1,pc1530,last30,2344,0.016482318819118935,1.161697118013435,0.0034299798430765804,0.5251706484641638,3.9092026640501056,10,0.3,0.8675181479738088,2020,0.35505323873480815,0.0028664172701172307,1.579005910358417,0.01136207179039692,-0.020596547863684336,-0.007682938802469103,-0.02691332158241766,-1.5440257282364913,-0.539127047421844,-0.8334283197617319
TECL,letf,S7,H1,pc1500,last60,2344,0.038309118146357596,2.109407045420767,0.011565887122231833,0.5268771331058021,7.91148586894137,10,0.5,0.6206327915067441,2020,1.4092982756879373,0.019120871702562717,2.43117005245826,0.025959370124296527,0.06310585320432276,-0.029935157345591944,0.016026209619721475,3.715284819768771,-1.1216325004689967,0.25484387780471407
TECS,letf,S1,H2,on1000,last30,2255,0.026512725054082587,1.1244876152924144,0.004318193830874617,0.4727272727272727,-0.9261687863681116,10,0.3,1.278407008202451,2020,-0.9100987611858029,-0.009865008679500999,0.023103230800276126,0.00024284640793183917,-0.014514858540153419,-0.0047715476192566955,-0.03181684249725064,-0.6795964797532508,-0.1893987662828493,-0.9501015918235305
TECS,letf,S2,H2,on1000,last60,2255,0.042928783852394466,1.4791002785949887,0.007288099431796202,0.48647450110864743,1.3853336939878014,10,0.5,0.9804423878962724,2020,0.07187907553342325,0.001090817966336916,0.7538563941024207,0.010811265636652856,0.05903731959212048,-0.03266135073637583,-0.02953850229240727,2.69636527179682,-1.0010272411795151,-0.643445819061757
TECS,letf,S3,H2,oc1500,last60,2255,0.039795928306869024,1.486576010927405,0.0070669349666125925,0.5157427937915743,7.7836040495353,10,0.6,0.5294869778160634,2025,2.2995843253721158,0.058006651532797146,2.917847431620327,0.0360287320674138,0.0411301962538229,-0.02533206758185065,0.17788580605013046,2.0183115062620414,-0.9840330358054638,1.7197698225187616
TECS,letf,S4,H2,oc1530,last30,2255,0.014374223413255652,1.043507322357771,0.001602114682230038,0.4904656319290466,1.556235414973456,10,0.4,0.5588163896171342,2022,1.9961422796106947,0.0203052902355721,1.8751053001201612,0.01743470314520407,-0.03336941871771353,-0.008262592415162202,0.027917447190065694,-2.0677474546352212,-0.3982523296251647,0.8703989420953542
TECS,letf,S5,H2,oc1500,last30,2255,0.007887774712855292,0.48897012355485925,0.0004312599112459292,0.4975609756097561,2.513320689544591,10,0.4,0.9803878851528008,2018,1.4570946521641825,0.01625089701766068,1.2988185793210836,0.012460802106768653,-0.0325336128418233,-0.010343689326315431,0.0355656678535583,-1.906513390853318,-0.4834101160004541,0.9328374306826738
TECS,letf,S6,H1,pc1530,last30,2255,0.023384217627718706,1.6796193660212007,0.0070967645250742395,0.5082039911308204,5.180164850671392,10,0.5,0.7517167454414904,2020,0.9524263521450951,0.0075725597364268045,1.7655976405563398,0.012933448033574184,-0.023513644441654536,-0.006193151958537857,-0.004767603105436753,-1.7098189814017846,-0.44843933634214383,-0.14756740138573077
TECS,letf,S7,H1,pc1500,last60,2255,0.04487228997314687,2.4493209097109845,0.01556996426305357,0.517960088691796,8.81354864448203,10,0.6,0.5042951669802973,2020,1.701170780775462,0.02910577496523385,2.5067040618733176,0.02599799331063556,0.06235245924677057,-0.029278985399297054,0.06475363543264026,3.4727018515256702,-1.180051494713172,0.7376601856390119
SOXL,letf,S1,H2,on1000,last30,2376,-0.0020611536520237696,-0.1643205451529233,3.953169738202256e-05,0.4983164983164983,-2.93180596663857,10,0.5,3.3551714069347782,2025,-1.4922677309217052,-0.014638968620378362,-0.2940283412171092,-0.0023391315070083307,-0.031550262242696914,0.01149163247063638,-0.06044445066008018,-1.5448587956740079,0.4587099047067053,-1.312570005392034
SOXL,letf,S2,H2,on1000,last60,2376,0.019809518176707803,1.28846905686977,0.0022936741529423488,0.5046296296296297,-0.571043192650046,10,0.7,0.9490333664011213,2020,0.1072063486129737,0.001255263364189375,0.9288681314461432,0.010305005273771824,0.032675546937121214,0.0042162981503247165,-0.03727191668308801,1.506246056881794,0.13702914405488656,-0.8243792692412764
SOXL,letf,S3,H2,oc1500,last60,2376,0.03495865860619219,2.191133838041813,0.007943749619233609,0.5307239057239057,9.25524493079449,10,0.7,0.305626088899739,2025,2.496674143859321,0.04005460572392561,3.5871872034494183,0.037963198848703104,0.04087835825490377,0.0010724061007607822,0.09906807231270029,2.047219912868095,0.0422351754093346,1.3711281091013374
SOXL,letf,S4,H2,oc1530,last30,2376,0.00235870655967777,0.21645466010302344,6.476923255238631e-05,0.5151515151515151,1.5514163773969865,10,0.4,2.8620739281601337,2018,0.9621586166712373,0.007564165323953305,1.6755196123140956,0.011518229229653038,-0.03484743267653667,-0.0008755325456980004,-0.022692241916158838,-2.3845144077761695,-0.04590988208789268,-0.6117644567937052
SOXL,letf,S5,H2,oc1500,last30,2376,0.0013623084094536472,0.1246291047921128,1.920470905081295e-05,0.5134680134680135,0.497201880637115,10,0.3,5.020257338280046,2018,0.6985498708322361,0.0057811404686661854,1.261938504236305,0.008963925044642879,-0.0316242398767286,-0.000810867560146472,-0.015987782690604056,-2.0281279998406365,-0.0391803342010706,-0.3958835722032519
SOXL,letf,S6,H1,pc1530,last30,2376,0.0023492330854766943,0.2463090447541916,0.00010750005726334333,0.5214646464646465,3.9796143044456285,10,0.6,1.8136752082921652,2018,-0.1806971835038602,-0.0013019992811901845,1.2967063757317026,0.0073858873463036046,-0.031987883574622594,0.005005363328942726,-0.042832423292852605,-2.648462501357114,0.317540160497176,-1.1955609984772606
SOXL,letf,S7,H1,pc1500,last60,2376,0.03089733728302361,2.638582323525655,0.010729166073496943,0.5349326599326599,11.976965084002753,10,0.8,0.40464253412531126,2020,1.9131264139895054,0.022269695426559606,3.107644049955534,0.026698121741990363,0.04327373750445102,-0.001102752492843363,0.018848980158578287,2.4744425030444215,-0.04890486542400629,0.30945883746856423
SOXS,letf,S1,H2,on1000,last30,2355,0.01208899541163225,0.8406800231205679,0.0013396184578710058,0.4840764331210191,-0.7639116603459958,10,0.5,1.5675413454813918,2020,-1.009792374233804,-0.008441196042697868,0.1341524074262131,0.0010947969243785376,-0.028017243789741755,0.018641989319801208,-0.03952964827273454,-1.3242355418588616,0.7788701305699404,-1.192285451012986
SOXS,letf,S2,H2,on1000,last60,2355,0.03245425336595002,1.7536406102534166,0.005597979620513782,0.4929936305732484,2.3351307648229938,10,0.7,0.8167178369952918,2020,0.6567776905415956,0.007303482673253467,1.2684736271913462,0.014027717628669473,0.04235942371564591,0.008914435212340201,-0.026322129034091098,1.8585583376509858,0.32401424907901116,-0.6596449541746152
SOXS,letf,S3,H2,oc1500,last60,2355,0.05237595718638043,2.1632158244926387,0.016511550646612694,0.5159235668789809,9.005921358130383,10,0.8,0.4439900438740665,2025,2.2011368571406993,0.05717459960328447,4.265055174502411,0.042104464619543154,0.04951619681318481,0.0024596818764713955,0.21450100575877284,2.284112509513981,0.10508248655824705,1.8220355106651946
SOXS,letf,S4,H2,oc1530,last30,2355,0.016280378447852323,1.7190181814338301,0.003087646723544224,0.5065817409766454,3.9428969352181698,10,0.8,0.3822331660991263,2018,1.6305567165057844,0.015236056901057197,2.23993586194203,0.01535715843676048,-0.032297151723857304,0.00372845439519079,0.022425960400700544,-2.126174495474199,0.18937323301665107,0.5394398353374116
SOXS,letf,S5,H2,oc1500,last30,2355,0.012427528543724593,1.141534631313353,0.0016032678457124083,0.49171974522292994,0.8722627134608719,10,0.7,0.5037535866034216,2018,1.3110217976197496,0.0129044714810274,1.8526151891219125,0.013243701514087245,-0.029285123162205502,0.004738280007153042,0.030023125189102287,-1.8242812636294408,0.22401991936356644,0.6321175815385384
SOXS,letf,S6,H1,pc1530,last30,2355,0.01657679772331261,1.7152394554314592,0.0053481217065244335,0.5121019108280255,5.74830730546566,10,0.8,0.7262700061913693,2020,0.7750432149981422,0.005534698056826928,1.835606154786561,0.01069500792842441,-0.02936876561605878,0.010465627867726302,-0.010618373736441174,-2.359236465056378,0.6868481753606079,-0.28104723834520007
SOXS,letf,S7,H1,pc1500,last60,2355,0.04622521061996513,2.8938595630984607,0.022166978641660395,0.5235668789808917,13.871912624525844,10,0.9,0.3918417193041393,2020,2.0434213741246143,0.034250769812191,3.5746271844894313,0.029656888501349038,0.05214599916858562,0.0030391249936948797,0.07982242510730894,2.7682122356124728,0.1571373934130023,0.8466602167596157
UDOW,letf,S1,H2,on1000,last30,884,-0.03093924052461003,-1.65338247413304,0.006942056507795558,0.4830316742081448,-4.148105184695434,4,0.75,0.8098023017923783,2022,-1.65338247413304,-0.03093924052461003,-1.816151250999422,-0.030027446812038283,0.0016078525466183954,-0.032036741151093374,-0.0007696033999475356,0.06782387626939276,-1.5617096681847582,-0.021445893847459672
UDOW,letf,S2,H2,on1000,last60,884,-0.027517474049181447,-1.1822659538113391,0.0030311877944140253,0.47171945701357465,-3.1906687108888274,4,0.5,0.7899773689786611,2022,-1.1822659538113391,-0.027517474049181447,-0.9913246806106435,-0.02056992460774174,0.0045346610167037405,-0.05126117996864957,0.012682306253306833,0.13567810526880866,-2.0355172226701472,0.3575695309730495
UDOW,letf,S3,H2,oc1500,last60,884,0.020103941021257003,0.592729047593872,0.0020734775664178473,0.501131221719457,0.1253682693699301,4,0.5,1.4269303296025184,2025,0.592729047593872,0.020103941021257003,0.2290789453803202,0.005132441982245026,0.00670216893030786,-0.05100651308577236,0.10547336354709436,0.2554236658329768,-1.1000045119527215,1.5414750070507264
UDOW,letf,S4,H2,oc1530,last30,884,0.006953994449413225,0.43538482438092596,0.0005032298682986491,0.504524886877828,0.5796272431319428,4,0.75,1.1630180995235966,2022,0.43538482438092596,0.006953994449413225,0.13129444933432402,0.0020976090006611125,0.008233953940989507,-0.03802916941838693,0.008305006798507573,0.42840366068347585,-1.1211944163693266,0.25229490202223426
UDOW,letf,S5,H2,oc1500,last30,884,-0.000629734975226455,-0.03445370330857951,3.6857485353758435e-06,0.49321266968325794,-2.237458988032586,4,0.5,9.793665433714505,2024,-0.03445370330857951,-0.000629734975226455,-0.4104665485643438,-0.00670727844893731,0.004424649430940225,-0.04418147053052943,0.01786955829768277,0.22625214633902718,-1.4251923822235983,0.45715054994977117
UDOW,letf,S6,H1,pc1530,last30,884,-0.005969608495795715,-0.47832185323096305,0.0005221946552499412,0.5101809954751131,-0.3792542236634475,4,0.5,0.8810914841294842,2024,-0.47832185323096305,-0.005969608495795715,-0.8735429894691639,-0.009213031963162512,0.008085083688670237,-0.033844573311822446,0.0028588011905183253,0.47637338381065303,-1.664806151456184,0.09981175242205571
UDOW,letf,S7,H1,pc1500,last60,884,0.0051241215836894845,0.21741727377452072,0.0001950315321255225,0.502262443438914,0.5495268122202174,4,0.5,3.233826547677504,2025,0.21741727377452072,0.0051241215836894845,0.035087317716557494,0.0005671113873688838,0.020957648413388166,-0.048662174604242034,0.06502464569672367,1.02050038652348,-1.6906132762477324,1.2041731683760455
SDOW,letf,S1,H2,on1000,last30,885,-0.023088315579934512,-1.3855630736763793,0.003999877625757375,0.480225988700565,-3.901251663550043,4,0.75,0.7639452342915327,2022,-1.3855630736763793,-0.023088315579934512,-1.4344552655504421,-0.02236794398600971,0.010732002865351841,-0.03231230257869109,-0.0033411172034837552,0.5036089273969514,-1.6633408052169638,-0.10148830696010268
SDOW,letf,S2,H2,on1000,last60,885,-0.018764295168324074,-0.9262382825043459,0.0014095577023947037,0.47796610169491527,-2.961654743685125,4,0.5,0.6278391857911244,2022,-0.9262382825043459,-0.018764295168324074,-0.7152999364522807,-0.013842724302810111,0.005980605917241602,-0.04285897250630688,0.0015557865183240672,0.1915097451283133,-1.8358866941880718,0.04760357969866504
SDOW,letf,S3,H2,oc1500,last60,885,0.03162656712753843,0.7885899340308208,0.005041832164235149,0.5028248587570622,0.5428797319665095,4,0.5,1.2218413694516574,2025,0.7885899340308208,0.03162656712753843,0.2915308089683892,0.006221155789773669,0.0057154069479876364,-0.048355223121779665,0.1449935929468051,0.2198623649129566,-1.0599672648354952,1.7456767753909024
SDOW,letf,S4,H2,oc1530,last30,885,0.01004435201560074,0.6499311609413142,0.0010700640529247574,0.488135593220339,1.0547640719618112,4,0.75,0.8472926557482341,2022,0.6499311609413142,0.01004435201560074,0.2374701831015519,0.0035870324316230142,0.007278006897210265,-0.036618184418661354,0.017433006114437776,0.38099992480467987,-1.1126379369910269,0.5500618984817379
SDOW,letf,S5,H2,oc1500,last30,885,0.0023523103211038404,0.13478839990189911,5.22778070302099e-05,0.47909604519774013,-1.7639831646609196,4,0.75,3.2008297330510573,2025,0.13478839990189911,0.0023523103211038404,-0.23170446945967965,-0.0036094918377725313,0.003172216858122891,-0.0415775878068597,0.027582201819424043,0.1619828760873997,-1.3690626855329753,0.7622731157340014
SDOW,letf,S6,H1,pc1530,last30,885,-0.00025033926520943214,-0.022341388562310504,9.43834125188836e-07,0.4903954802259887,-0.7963877483886528,4,0.25,21.78761851317533,2024,-0.022341388562310504,-0.00025033926520943214,-0.4165662015577365,-0.004072147075476367,0.01238043706516752,-0.0341532794311001,0.008577012299414905,0.7704726140288283,-1.7442068266370365,0.3218479767868384
SDOW,letf,S7,H1,pc1500,last60,885,0.0156212852246497,0.6315512061129699,0.00180267903617648,0.5096045197740113,2.7909832267091716,4,0.5,1.3255695995580985,2025,0.6315512061129699,0.0156212852246497,0.28849962035643784,0.004288646705586727,0.021739019241355906,-0.044644665791531896,0.0845389878865697,1.0986396564066518,-1.576560524048523,1.2897301090513096
LABU,letf,S1,H2,on1000,last30,1388,0.013252460092217236,1.1760490347480341,0.0015036531842868017,0.520893371757925,4.489514554304513,6,0.5,1.2512886902818445,2020,-0.4532292178634605,-0.004381352667161393,0.9265639324771663,0.009091114873668435,-0.009030685792502387,-0.0154603403301988,0.002567912890540382,-0.4500566376318665,-0.8862821156356364,0.0990128184347867
LABU,letf,S2,H2,on1000,last60,1388,0.03528890044117039,1.9199414874282068,0.005725756355948297,0.5093659942363112,8.16694523979778,6,0.5,0.9080767195343281,2020,0.30336013585551685,0.004220913502546755,1.7269113609772413,0.024391555697902044,-0.0074399249344298014,-0.039169914020576777,-0.027040185909683042,-0.2768963731674432,-1.7377087499917985,-1.1054400149865091
LABU,letf,S3,H2,oc1500,last60,1388,0.03801519065416807,2.9368091012376945,0.009577524810579274,0.5331412103746398,18.24427948573426,6,0.6666666666666666,0.4308924907858064,2022,2.5344731443502346,0.035023773423844023,3.1485562147142465,0.03817753706807531,-0.032492772269744744,-0.013626200213730781,0.08291691767859087,-1.4006087148046877,-0.4009996484374055,2.3018805453888285
LABU,letf,S4,H2,oc1530,last30,1388,0.01350537232200109,1.4376367230451526,0.0025059906628780437,0.5259365994236311,7.391139579050048,6,0.5,0.604367665513359,2022,1.4140469396664663,0.013082102172024976,1.8908959621562091,0.016063199969516214,-0.02410401820441175,-0.010689514615472651,-0.005488439070477573,-1.278454760179275,-0.45787679419422633,-0.3578784587484001
LABU,letf,S5,H2,oc1500,last30,1388,0.009281132891154256,0.954797314914935,0.0010630139881321332,0.5244956772334294,6.868551468077281,6,0.6666666666666666,0.7604200266131969,2021,0.9068895211370455,0.00825781902153385,1.3750592103819095,0.011742521802088807,-0.028764358865293806,-0.014707131859602308,0.003790163813484525,-1.6538971499954926,-0.6039818841804985,0.22725501230812695
LABU,letf,S6,H1,pc1530,last30,1388,0.016910983968292066,2.240665423487365,0.005177191022395222,0.5201729106628242,9.177595126718755,6,0.5,0.631594121472298,2020,1.0077308358267356,0.008009561588762303,2.131292731480532,0.015348145944612687,-0.01550931575651397,-0.019549298266836553,-0.010224073517029907,-0.9834323354888532,-1.064263904853598,-0.5868334628275221
LABU,letf,S7,H1,pc1500,last60,1388,0.04024592587864091,3.2383919362759284,0.014456758910227019,0.5230547550432276,17.60153669947747,6,0.6666666666666666,0.5611335760276245,2020,2.0078302964945554,0.022552765685855028,3.4183728901645836,0.03636412107745577,-0.01610178712458118,-0.035011890402346396,0.03539404729609355,-0.7391010636765248,-1.3172307477550982,1.1501498175518048
LABD,letf,S1,H2,on1000,last30,1390,0.022113666999989668,1.6812035472491718,0.0040728544415755685,0.5158273381294964,5.654591711129297,6,0.6666666666666666,0.9545182199653398,2020,0.13017266790224805,0.0012523548612348126,1.4282089384138665,0.013823315846224954,0.000569929082119159,-0.007132827104746427,0.0044532555936438074,0.027428699329345222,-0.4236525761797468,0.2246688679799079
LABD,letf,S2,H2,on1000,last60,1390,0.03942449654094527,2.010241081068791,0.006877553478371046,0.5071942446043165,8.66299611129964,6,0.5,0.838385258382478,2020,0.5550432836993032,0.00814385454648601,2.013126736836167,0.028678237631781036,-0.002261170599487553,-0.03425701505777468,-0.029312153615630773,-0.0796572063987105,-1.522717738791882,-1.1964474926807538
LABD,letf,S3,H2,oc1500,last60,1390,0.04145649388911981,2.836611305919305,0.011128295254650311,0.5280575539568345,19.193731295869437,6,0.6666666666666666,0.48486341224954027,2022,2.897738696111601,0.04098534809546946,3.459033354314171,0.04345687646044433,-0.02631903108937717,-0.012619534200779743,0.09502247778125011,-1.095005950309574,-0.3526412724241032,2.4781601447703565
LABD,letf,S4,H2,oc1530,last30,1390,0.02125403513564799,2.1174774359917237,0.00609907706441748,0.5172661870503598,11.60598324432036,6,0.6666666666666666,0.5954192072989327,2022,2.305955891281187,0.021745663346651466,2.7896917252026148,0.024175684303427824,-0.013989703520706793,-0.0038373177502826874,0.0004514668680337911,-0.7307393263437145,-0.15955801283063895,0.03371960458263825
LABD,letf,S5,H2,oc1500,last30,1390,0.01649571478926785,1.5204262548522434,0.003316358508512307,0.520863309352518,10.281521162687461,6,0.6666666666666666,0.5878101764588798,2022,1.8184768426589324,0.017003412075835042,2.341807517818429,0.020506128136983864,-0.018624070134421012,-0.006750441205899517,0.010027338479805544,-1.04654569657543,-0.2652916046662435,0.6957801740245879
LABD,letf,S6,H1,pc1530,last30,1390,0.026059128106037364,3.120023123170344,0.012031110098420061,0.5258992805755396,14.29970201845261,6,0.5,0.5514442657566722,2020,1.8704623026034102,0.014937472985113156,3.2067980787584207,0.02282575860393194,-0.00532737665406902,-0.01176823565662041,-0.00788555093676712,-0.3364227320382322,-0.6540593690238625,-0.591883391821125
LABD,letf,S7,H1,pc1500,last60,1390,0.044119883340767184,3.622205092535319,0.016840319655993974,0.5223021582733813,20.69818972019473,6,0.6666666666666666,0.5184212175852028,2020,2.348144409951494,0.026943130234246257,3.9627236167157776,0.040810119819834165,-0.010391985640782732,-0.030165901570189776,0.04454570472839978,-0.4644441253446829,-1.0993622770113614,1.3792889188223476
NVDL,letf,S1,H2,on1000,last30,556,-0.0091903212313083,-0.5757060891059312,0.0011841878214424728,0.5215827338129496,-2.84778133381008,3,0.6666666666666666,1.6337914252686643,2025,-0.5757060891059312,-0.0091903212313083,-0.03090981094074463,-0.0004795724096001309,-0.015840212430543746,0.020845771195286335,-0.04685311777379404,-1.1266947505839175,1.0534146580902801,-1.34301231180884
NVDL,letf,S2,H2,on1000,last60,556,-0.015955709098151624,-0.8568777444016985,0.0023323241777205572,0.5197841726618705,-1.8127310527711533,3,1.0,0.7964078425183432,2025,-0.8568777444016985,-0.015955709098151624,-0.6512931445255334,-0.013177670942765451,-0.001966266745367748,-0.00566175250715569,-0.040302318602146746,-0.11675531301290133,-0.22920077957065796,-0.9155146505387356
NVDL,letf,S3,H2,oc1500,last60,556,0.03250393811901332,1.5355402613861313,0.009379227756753483,0.5017985611510791,4.172856784441189,3,1.0,0.4884366025162437,2025,1.5355402613861313,0.03250393811901332,1.4979607674744333,0.027582061718639903,0.06576657422882155,0.01633950913796797,0.04346910117430677,2.4292594536036787,0.9444370797765718,0.8738407110071705
NVDL,letf,S4,H2,oc1530,last30,556,0.023148045597374996,1.6439322947151507,0.007670470700866794,0.5251798561151079,8.476707903480186,3,1.0,0.7233575018829606,2024,1.6439322947151507,0.023148045597374996,1.972310772716683,0.02501692226218076,0.027068308075848105,0.034282418997797826,0.007540236659973866,1.1924414924725122,2.9758037151319794,0.22354886386452155
NVDL,letf,S5,H2,oc1500,last30,556,0.023169432044187678,1.5911921784290455,0.007293372667035558,0.5251798561151079,3.4360100777376634,3,1.0,0.7340211122449986,2024,1.5911921784290455,0.023169432044187678,1.8906572149507037,0.024873601479042617,0.027475623826447013,0.03306787527019969,0.007287074960764884,1.185020197935464,2.856418127424859,0.19837011514909797
NVDL,letf,S6,H1,pc1530,last30,556,0.0006306465165674003,0.0506688870079525,9.93184822550841e-06,0.5323741007194245,-0.9923341594346705,3,0.3333333333333333,17.392745245512888,2024,0.0506688870079525,0.0006306465165674003,0.8194086407647956,0.008834932424041566,-0.007172147451179766,0.023748432486453624,-0.02429119890568427,-0.4704494616783945,2.10577470517678,-0.8499391410386872
NVDL,letf,S7,H1,pc1500,last60,556,-0.0014873984077840297,-0.08386185867282128,3.5498618334073306e-05,0.5197841726618705,1.6966316483123833,3,0.6666666666666666,2.4210244423085396,2025,-0.08386185867282128,-0.0014873984077840297,0.019517428889275573,0.00033846309157456456,0.013733639505859228,-0.0003514057025788893,-0.00998361199443774,0.6945002243491313,-0.01614800553810676,-0.2457758619812658
NVDS,letf,S1,H2,on1000,last30,638,-0.011400724489971169,-0.7111700793865158,0.001886236007541009,0.49216300940438873,-2.108579631632627,3,0.6666666666666666,1.0393248815717142,2023,-0.7111700793865158,-0.011400724489971169,0.03617493021786412,0.0005143995547434332,-0.03762722326777591,0.02679926895471064,-0.03010797702604907,-1.6150762617498056,1.238811226016062,-1.1036022022169993
NVDS,letf,S2,H2,on1000,last60,638,-0.012351711023832871,-0.7309287371803227,0.001397726315308545,0.5078369905956113,-0.5236544890538819,3,1.0,0.5956872079943281,2025,-0.7309287371803227,-0.012351711023832871,-0.30688328935548487,-0.005785658922247922,-7.56680708578119e-05,-0.011746065568518947,-0.025317459229109007,-0.0029856125835013565,-0.4090797260818617,-0.6712409870777559
NVDS,letf,S3,H2,oc1500,last60,638,0.04387257956963381,1.7755372660863864,0.016911407001300782,0.5266457680250783,5.833383627266613,3,1.0,0.5872805687451196,2025,1.7755372660863864,0.04387257956963381,1.9587325717576631,0.032183313433230006,0.08260117915671877,0.0046318110930435585,0.07733310690434005,3.4312323052756644,0.24950475291954693,1.3337554063901
NVDS,letf,S4,H2,oc1530,last30,638,0.027279612388041302,2.0361370366760214,0.011084973978113366,0.5360501567398119,6.830740331308409,3,1.0,0.47269939216071755,2024,2.0361370366760214,0.027279612388041302,2.452420933213841,0.026431669670515,0.0257872018863622,0.032907504909475464,0.025076760190242287,1.4042545161058169,2.927205542287126,0.7468072829338663
NVDS,letf,S5,H2,oc1500,last30,638,0.028776823436545897,2.0450845443984735,0.01152503726815457,0.5266457680250783,4.8873960230291615,3,1.0,0.492492276155982,2024,2.0450845443984735,0.028776823436545897,2.4308363810385862,0.027272814940320474,0.03126936060753985,0.03300603553564601,0.02520894168775161,1.570998322588746,3.0191008466626243,0.6626097033665391
NVDS,letf,S6,H1,pc1530,last30,638,0.0004415739376236138,0.03583830962168543,5.05800146066715e-06,0.512539184952978,0.6065360573712925,3,0.3333333333333333,19.750537749197445,2024,0.03583830962168543,0.0004415739376236138,0.8274847057777057,0.00790568267501208,-0.019924908025723012,0.023602468624185417,-0.007784195341556139,-0.940996634559956,1.9625795890427398,-0.2962210736288907
NVDS,letf,S7,H1,pc1500,last60,638,0.005534463037547086,0.2964368877441021,0.00048676560263249957,0.5282131661442007,3.9998725273385243,3,0.6666666666666666,1.1047871648634267,2023,0.2964368877441021,0.005534463037547086,0.31990011447499717,0.004997044971695661,0.02519889138368505,-0.00919537882130757,0.011413120691631353,0.9200367680550444,-0.3795661363972605,0.2589655233746648
