sym,tf,first,n,b,t,r2,hit,signed_bp
AAPL,5m,2022-01-04,808,0.0025799056234018574,0.21924639828347778,0.00019728434129151484,0.4938118811881188,41.967538391847185
MSFT,1m,2020-01-03,1282,0.01172381782277865,1.8393909768444106,0.005133775308182709,0.5226209048361935,98.19564097938303
AMZN,1m,2020-01-03,1284,0.009806766857839695,1.3850072244572145,0.0034995602008006665,0.5319314641744548,70.12616112079856
GOOGL,1m,2020-01-03,1282,0.003494477150071643,0.5610003195300701,0.0005151646352014039,0.5039001560062403,34.536197738954556
TSLA,1m,2020-01-03,1286,0.009478256489383531,1.6833353951652452,0.003438998373339941,0.5108864696734059,-7.87527498431353
INTC,1m,2020-01-03,1285,0.008822138943348478,1.1380750403849635,0.0030908521588273175,0.5081712062256809,106.79078444400221
AMD,5m,2022-01-04,808,0.027789127214982202,2.4418835287204153,0.03135417024834286,0.5247524752475248,218.07188333294698
AVGO,5m,2022-01-04,806,0.025762998495076704,3.0942734533913745,0.028596499838452805,0.56575682382134,218.8143539972609
MU,5m,2022-01-04,808,0.015359131642070829,1.9107412931905876,0.009633331873091122,0.5297029702970297,173.1877615176017
AMAT,5m,2022-01-04,804,0.022513735397747644,2.235982897711477,0.018150607678569575,0.5522388059701493,210.7072026317357
LRCX,5m,2022-01-04,804,0.02624580715422261,2.785879660663982,0.0231789920520844,0.5597014925373134,259.3550988926845
KLAC,5m,2022-01-04,801,0.029502148901953,2.9008239347777236,0.026467093229345262,0.5468164794007491,215.14622282248578
QCOM,5m,2022-01-04,805,0.031556735008251076,3.076940672827471,0.0327080473089284,0.55527950310559,298.4325339472151
TXN,5m,2022-01-04,802,0.016650718700659095,1.4831491327410986,0.007368324268726245,0.5374064837905237,203.91291914537243
ASML,5m,2022-01-04,804,0.011229374208422084,0.9247320581123323,0.00553109402038876,0.5323383084577115,176.5973767104759
TSM,5m,2022-01-04,804,0.011637190576150936,1.4935347374868648,0.008021093461916262,0.5186567164179104,65.3439788638045
SMH,5m,2022-01-04,804,0.03125171384554114,3.0094058946922124,0.032969058671560636,0.5472636815920398,264.137615351267
GLD,5m,2016-01-05,2226,0.0018678155868063616,0.575065083070916,0.00021722746859542674,0.47349505840071876,16.670288072637288
SLV,5m,2022-01-04,808,0.007274541800813819,1.5290315434226056,0.0037843682300338077,0.5123762376237624,77.61032272336975
GDX,5m,2022-01-04,808,0.0013197029550762302,0.24743542046859765,0.00010730250312451783,0.48267326732673266,14.451607870966148
IBIT,1m,2024-01-12,327,-0.002070630033228318,-0.22691312682166875,0.00024366404960241006,0.5198776758409785,66.74197287490827
