sym,spec,year,share,n,b,t,r2,hit,signed_bp
QQQ,P1a,2016,-0.00596111423268611,41,-0.011686057036501024,-0.47413598657414907,0.0045384543971915825,0.5121951219512195,-2.591510567481571
QQQ,P1a,2017,0.0009604312841115022,54,0.004701622111192854,0.12752461636539622,0.0006146493420656762,0.46296296296296297,0.7598539617579445
QQQ,P1a,2018,0.23001864867267202,82,0.1290954700050083,2.7502715195739658,0.1663794033009407,0.6219512195121951,21.68832301544759
QQQ,P1a,2019,-0.025755904286912053,52,-0.024616926420752184,-1.1975724850077571,0.026393118196427978,0.40384615384615385,-6.002729647356354
QQQ,P1a,2020,0.6061367359676569,67,0.15110477016834498,2.387764381315226,0.15424414753338833,0.6268656716417911,38.40404397501604
QQQ,P1a,2021,-0.047286905395265776,66,-0.029908584135026398,-0.9171764518942717,0.023804721752484603,0.3939393939393939,-6.01626191030957
QQQ,P1a,2022,0.159862759353807,68,0.05525259418998402,2.2627041429202936,0.049294595289245624,0.6617647058823529,16.2699850869252
QQQ,P1a,2023,0.03995767786728397,54,0.053027722363289516,3.568841961011014,0.08612301842973602,0.5925925925925926,8.022976143657425
QQQ,P1a,2024,-0.07156637870132045,66,-0.0522751524220167,-1.8272132436087396,0.05063083551406866,0.42424242424242425,-11.324973307907955
QQQ,P1a,2025,0.11363404947065282,33,0.06658414429985512,1.084805130247498,0.09830021968861768,0.5151515151515151,6.846771216230758
QQQ,P1b,2016,-0.008491165384346702,43,-0.009201041683437097,-0.4502493196623965,0.00572697488092011,0.4186046511627907,-0.6665357152509648
QQQ,P1b,2017,0.001234965408334129,61,0.0041500113867775695,0.20339185987881736,0.0008710900859181248,0.3770491803278688,-1.9061969978743045
QQQ,P1b,2018,0.2682544402789556,80,0.07014592324052293,2.2532893202621955,0.09391196232969523,0.6375,13.40692511264184
QQQ,P1b,2019,-0.03198649187094005,51,-0.016635242011947306,-0.8553906391982822,0.02004763823214817,0.45098039215686275,-4.256875506952751
QQQ,P1b,2020,0.7528699628276426,70,0.08822633909671763,1.547799298040383,0.07026814399319725,0.5714285714285714,21.30971999444826
QQQ,P1b,2021,-0.11232690302391118,70,-0.04006486139702898,-2.0843346105133578,0.07989099176262404,0.4,-7.235208970512917
QQQ,P1b,2022,0.18755894453880176,79,0.02319207164436689,1.3281389021911516,0.02581415218930483,0.5949367088607594,10.57606870820415
QQQ,P1b,2023,-0.018286013692425558,70,-0.0023869051426182292,-0.1395808289867708,0.0004753234171684939,0.42857142857142855,-1.8539475431030532
QQQ,P1b,2024,-0.057399357146844514,74,-0.0221978612711104,-1.225751419293184,0.022288850497547363,0.40540540540540543,-5.805927867556035
QQQ,P1b,2025,0.018571618064733866,31,0.011147334420072983,0.44520783692019156,0.007643457660781783,0.3870967741935484,-3.6849878540890306
IWM,P1a,2016,0.010911638570576329,50,0.005581435655742305,0.2368899132328943,0.001176698437742485,0.5,0.5053128271207852
IWM,P1a,2017,0.04224889074378949,58,0.044837441413335746,1.6471200771832066,0.03865449938065213,0.5517241379310345,2.8138075108017473
IWM,P1a,2018,0.10820120719921753,74,0.033422145209685464,0.6803284916592864,0.008699639633000578,0.5675675675675675,6.722118549748528
IWM,P1a,2019,-0.0008065759121227976,49,-0.0005311751697905504,-0.0180280271052683,8.932573645537012e-06,0.4897959183673469,-1.0102442553041873
IWM,P1a,2020,0.7122859732124046,69,0.053845443517977785,1.1522953805250062,0.04959211227017657,0.5217391304347826,12.092254223462238
IWM,P1a,2021,0.0231590162283387,73,0.008908599180111816,0.2966660282916662,0.0018572934588927392,0.4794520547945205,3.023641862327782
IWM,P1a,2022,0.1088711111851976,72,0.020164100979384474,0.8881598264834394,0.010722920670263814,0.625,7.693658923497222
IWM,P1a,2023,0.002787095357088484,66,0.001886577508071322,0.06767840703837019,0.0001232977672830371,0.48484848484848486,-2.8061451923276346
IWM,P1a,2024,-0.088315149705743,64,-0.02380229392719703,-0.8065032254357428,0.01425563895186932,0.4375,-4.219287277769744
IWM,P1a,2025,0.08065679312125318,29,,,,,
IWM,P1b,2016,-0.11474832387419993,48,0.009901073427267315,0.49863290187619763,0.00677903781225575,0.5208333333333334,2.8712726059701894
IWM,P1b,2017,-0.0451561499137026,63,0.0075866661930481085,0.2748091630852306,0.0016996592453207837,0.4603174603174603,-0.28903563064991333
IWM,P1b,2018,-0.8079047374796888,71,0.04263930279740112,1.337764629531796,0.038796566784738196,0.5492957746478874,9.392576306630312
IWM,P1b,2019,0.052653282837534864,53,-0.004047092288281914,-0.21199304909571218,0.001168607303156044,0.5660377358490566,0.25747070466102
IWM,P1b,2020,0.20722239337114062,70,-0.0026622458484023984,-0.07446708801324757,0.00012578439867982905,0.45714285714285713,4.70717738037485
IWM,P1b,2021,-0.18436402307759145,79,0.00989465969053797,0.5068153215710253,0.004514049268718345,0.5316455696202531,2.8005278895464394
IWM,P1b,2022,0.3560804667218965,82,-0.006412532163058637,-0.4075906179363415,0.0018884092391106,0.4878048780487805,0.8285734049871174
IWM,P1b,2023,0.20125611248662353,68,-0.010236864112308302,-0.6073452311551546,0.008771708303460524,0.39705882352941174,-4.316341806076866
IWM,P1b,2024,0.6236509926062763,63,-0.026870280251096737,-1.4255440269303297,0.03754076960856523,0.49206349206349204,-6.5456396355754105
IWM,P1b,2025,0.7113099863217109,36,-0.03022170456638526,-1.4133619408109002,0.07002456287566772,0.5,-7.099797414325229
XLK,P1a,2016,0.011879782877883929,42,0.03223999126364499,1.3415292183806216,0.032569057715730154,0.5952380952380952,2.924656524842
XLK,P1a,2017,0.00027228699807694515,53,0.0008194715631998147,0.018992721513806467,1.7187395959350482e-05,0.49056603773584906,1.2335827032741669
XLK,P1a,2018,0.16594320898233103,74,0.11961958713256494,2.632244737720499,0.13999705107748106,0.6081081081081081,23.007651809997903
XLK,P1a,2019,-0.007515341246679413,51,-0.008285386505050424,-0.43710801325136445,0.0029444385678664142,0.45098039215686275,-2.735916185545976
XLK,P1a,2020,0.6305639269695766,62,0.16988077533465393,2.5613932825085945,0.17152825111603476,0.6290322580645161,47.74549062832709
XLK,P1a,2021,-0.03602556051449536,67,-0.027559477387402363,-0.9600057238706021,0.020332661150088582,0.417910447761194,-4.578875320638467
XLK,P1a,2022,0.1276827516069922,66,0.048610509675831526,1.8761507649896556,0.04089473439581004,0.6515151515151515,15.630509455506498
XLK,P1a,2023,0.03319882966038651,56,0.045135114737418686,2.745976814207765,0.10574057633466927,0.625,7.8508944682773825
XLK,P1a,2024,-0.04209735492390974,70,-0.02593508859939364,-0.9062229394536232,0.01723085333595542,0.5428571428571428,-2.4276789719753142
XLK,P1a,2025,0.1160974695898374,29,,,,,
XLK,P1b,2016,0.004300932530434281,43,0.006452935002658932,0.33289639970931667,0.0028425588465506024,0.46511627906976744,1.9818445395119109
XLK,P1b,2017,0.009158212118560752,53,0.01792665254443135,0.8375820350433574,0.018490410195118434,0.4528301886792453,0.592030841091288
XLK,P1b,2018,0.19645826455898366,79,0.0802076678956735,2.3699254550293305,0.11209160976407528,0.6582278481012658,15.950294748457024
XLK,P1b,2019,-0.006881525663569944,53,-0.004355073312675652,-0.2476949109763662,0.0015132172263161436,0.4716981132075472,-2.37840714936266
XLK,P1b,2020,0.7306533748781144,65,0.11652027616671239,1.8635557147845971,0.10614847706477926,0.5538461538461539,30.468237122403753
XLK,P1b,2021,-0.04810000554983829,69,-0.026944119075849978,-1.2427520177461793,0.028986314412616454,0.4782608695652174,-3.890086262206235
XLK,P1b,2022,0.15929195595198448,76,0.029776315023053286,1.557939996814476,0.03753004906053625,0.5921052631578947,13.639989894864776
XLK,P1b,2023,-0.051857034363165834,69,-0.025386653944991084,-1.655057820658745,0.04641147037762339,0.37681159420289856,-5.150882131627613
XLK,P1b,2024,-0.01383131510569602,71,-0.0057494710035428664,-0.3196323873256976,0.0015085798901340874,0.5070422535211268,-1.632923603987456
XLK,P1b,2025,0.020807140644192347,27,,,,,
SOXX,P1a,2016,0.0196181272448043,42,0.01857339011017543,0.8696188558094191,0.01650995619337503,0.5714285714285714,4.049303686368133
SOXX,P1a,2017,-0.003525689961952316,59,0.0004681923238433472,0.016388523950479694,7.143731887593319e-06,0.559322033898305,4.405733603288869
SOXX,P1a,2018,0.20583422951620484,70,0.09240845777002363,2.2051872331440756,0.1118760788787243,0.6142857142857143,22.395122465341746
SOXX,P1a,2019,-0.033261373024511105,68,-0.017511068450809155,-1.1496395324175872,0.016030699742034527,0.4411764705882353,-4.173259062825321
SOXX,P1a,2020,0.35737140974775483,68,0.0739039420395236,2.0963746173840563,0.05860564182388317,0.6617647058823529,29.840782073734612
SOXX,P1a,2021,0.07514244000234117,69,0.03224542772024927,1.3248328609264297,0.029699737661164627,0.4927536231884058,5.991366562485105
SOXX,P1a,2022,0.04936244594998661,73,0.009568590105219776,0.33975911292626404,0.0017865461051259635,0.5616438356164384,1.0768894686739727
SOXX,P1a,2023,0.08851508097107082,50,0.04245374662083259,1.8610086624113815,0.09556614930739737,0.62,12.003833540696363
SOXX,P1a,2024,0.024300703069045217,71,0.0057130692130347134,0.25482374065999885,0.0011552383642482456,0.5352112676056338,0.9139847286783094
SOXX,P1a,2025,0.21664262648525565,32,0.061714776149172264,1.0847136958737997,0.07358462492373496,0.5,5.359565398610176
SOXX,P1b,2016,-0.0031565717998956887,39,0.000559012635009767,0.035858653931703274,3.616546396700837e-05,0.5128205128205128,2.6462372354101715
SOXX,P1b,2017,0.10329259147775761,61,0.014193638496160045,0.6112484266054917,0.012285029722160945,0.5737704918032787,1.7250417533343403
SOXX,P1b,2018,1.319873728796795,65,0.07331021977946249,2.666049350731841,0.156705268824609,0.6,18.111897035603597
SOXX,P1b,2019,-0.22674902300427227,68,-0.011127892815883304,-0.9853464301009601,0.012918581456534017,0.39705882352941174,-3.721318841973307
SOXX,P1b,2020,0.808098209540912,74,0.016870897405998914,0.3811663597114752,0.0039024237720778343,0.5945945945945946,14.908375832167604
SOXX,P1b,2021,0.3636725772523786,71,0.016348281204920476,1.0268625347299296,0.017635528422162094,0.5352112676056338,3.5691401690608298
SOXX,P1b,2022,-0.6472136203355895,81,-0.014525377552434684,-1.0085310352098937,0.013078748684279606,0.48148148148148145,-4.766708332664031
SOXX,P1b,2023,-0.5866102492945405,62,-0.02528778950266146,-2.0333255194648427,0.07816300583676628,0.3548387096774194,-8.673864408970953
SOXX,P1b,2024,0.46291740700243184,70,0.01578132100640207,0.8442673333474061,0.015489093626160466,0.4857142857142857,1.6713593751894424
SOXX,P1b,2025,-0.5941250496359776,32,-0.0167947721506415,-0.6317684204911649,0.010944743537187218,0.34375,-20.42289169282247
DIA,P1a,2022,-0.5573531642853492,48,-0.011441505498271842,-0.4093503341014121,0.0023320526537152775,0.5,-3.2337751432651625
DIA,P1a,2023,-0.050619244303858404,55,0.002661198591110437,0.12950225835362195,0.00025873145572463674,0.43636363636363634,0.8542758388278308
DIA,P1a,2024,-1.129570109378059,72,-0.0527984752476576,-1.7412042630104718,0.04032505068590342,0.4166666666666667,-4.124532480404471
DIA,P1a,2025,2.7375425179672663,28,,,,,
DIA,P1b,2022,0.31851526594352336,50,-0.003324861108919887,-0.17367130793616256,0.0005018738347487561,0.44,-0.04859559279772885
DIA,P1b,2023,-0.5475891015363842,58,0.022225489891736713,1.2105101110442864,0.030111509541167036,0.5344827586206896,3.0005212481857013
DIA,P1b,2024,1.5082575969950573,75,-0.045640062175725755,-1.671330755404839,0.040591712250616974,0.36,-5.223188189548174
DIA,P1b,2025,-0.27918376140219636,30,0.012715154216955129,0.41380768917284405,0.009573137692805989,0.4,-5.900980074480107
XBI,P1a,2020,0.6392472500571388,38,0.13439805368808683,3.8036993911718517,0.31764945453957183,0.7105263157894737,41.61388797800749
XBI,P1a,2021,0.11997235510404987,62,0.031013828597795775,0.9438292526600855,0.016316331987826782,0.6129032258064516,16.830117096646564
XBI,P1a,2022,0.3416529119260791,73,0.041334382450650076,2.1994740091953657,0.054713070894398586,0.589041095890411,19.825560635935666
XBI,P1a,2023,-0.06378990054109032,68,-0.018095487308010923,-0.519129310007635,0.010033632290606609,0.4411764705882353,-5.307506708925651
XBI,P1a,2024,-0.14110025045237212,70,-0.04627525719976883,-1.2288734683167393,0.04690019159547498,0.4142857142857143,-8.644885598420043
XBI,P1a,2025,0.10401763390619483,36,0.054347955043360485,1.3316268879025217,0.08656092394892734,0.5277777777777778,8.205831424541701
XBI,P1b,2020,0.8482838206455732,41,0.061832448477756166,3.2000435939367504,0.13344361623996004,0.5121951219512195,15.458514060627193
XBI,P1b,2021,0.5176349420788992,64,0.05292541739858421,3.502825076485511,0.12888716725562233,0.6875,22.42074889578753
XBI,P1b,2022,0.010860068861237353,82,0.0009376282102408521,0.064322526832675,5.395150152798234e-05,0.524390243902439,3.70088376995829
XBI,P1b,2023,-0.07632907770539504,75,-0.008148543405501175,-0.40072045632232245,0.00405980424137331,0.44,-2.276118825310869
XBI,P1b,2024,-0.21904918161349943,67,-0.030044517934334932,-1.122083443828899,0.035015091045854874,0.5522388059701493,-1.6857841958321609
XBI,P1b,2025,-0.08140057226681537,35,-0.012209199857022353,-0.7536418618433562,0.012850822068840806,0.4857142857142857,-3.9865767028570067
NVDA,P1a,2020,1.0294542867568992,47,0.09562635132102743,1.889924846521932,0.09318468087620058,0.6808510638297872,56.22781930389296
NVDA,P1a,2021,-0.07600353938326061,69,-0.005599392825462644,-0.23470962128895276,0.0012203955411493883,0.4492753623188406,1.1778679033729376
NVDA,P1a,2022,-0.0724580659362802,71,-0.0009421253885511297,-0.03888568636256254,2.2162347171228447e-05,0.6056338028169014,-0.7831910284395363
NVDA,P1a,2023,-0.05240477003658142,37,-0.0011997570451428242,-0.08169980233275138,9.74219791243236e-05,0.43243243243243246,-1.8870439425956544
NVDA,P1a,2024,0.07695407004873435,75,0.007017333358436697,0.27157092112555814,0.0015965591213017438,0.56,0.14679375592011232
NVDA,P1a,2025,0.09445801855048878,32,0.01297482110119003,0.4163427877256009,0.0044279862926542846,0.5,3.0752268494435575
NVDA,P1b,2020,1.3803807887666855,49,0.04819271819441781,0.8424499719766354,0.02434716665497849,0.6122448979591837,37.84372613377079
NVDA,P1b,2021,0.3407848866547352,74,0.01573874458516347,0.793786665817606,0.015016013368479908,0.527027027027027,9.67473815029878
NVDA,P1b,2022,-0.273284248734628,76,-0.006976061437281157,-0.5173309007618234,0.0035371019375907142,0.5789473684210527,-3.2748581552073732
NVDA,P1b,2023,-0.6194106267673025,44,-0.021083275765955863,-1.870239203832438,0.04004825861168959,0.5227272727272727,-6.71909088168915
NVDA,P1b,2024,0.5694894535866428,64,0.02120330262251419,1.2346715270092763,0.02554470022232702,0.578125,9.7471535887648
NVDA,P1b,2025,-0.3979602535061328,35,-0.01305856981403836,-0.5685147831081104,0.008232846761525692,0.5428571428571428,-11.339148724735404
TQQQ,P1a,2016,-0.0061426936862401214,42,-0.010901641865179433,-0.46005246317159076,0.004006631404467442,0.5,-8.128091483091339
TQQQ,P1a,2017,0.000842941083904588,54,0.003745723252574074,0.0953581478048545,0.00036573049974786276,0.5,2.2933576122049737
TQQQ,P1a,2018,0.26237667072332355,83,0.13154902356487835,2.8689031543409222,0.17457903718723022,0.6265060240963856,66.65091999074004
TQQQ,P1a,2019,-0.03403245948258996,53,-0.03010982592933124,-1.5166813860676547,0.03803932805205734,0.39622641509433965,-19.222705628560757
TQQQ,P1a,2020,0.5954545438633795,67,0.14128015759419396,2.208864840944612,0.1377909819476204,0.6417910447761194,108.33107881976002
TQQQ,P1a,2021,-0.049020050192714236,66,-0.028523093696217618,-0.8232691475751248,0.02037730117295866,0.3939393939393939,-17.540333784941147
TQQQ,P1a,2022,0.15943419354171517,68,0.05089188292715982,2.0790117138133954,0.03943721299855585,0.6617647058823529,46.23565991554055
TQQQ,P1a,2023,0.04351987202832024,55,0.051466673654198394,3.3770560583917137,0.08608777111399135,0.6,23.678084932552046
TQQQ,P1a,2024,-0.07413883509607325,67,-0.04983509944248092,-1.6316637639035765,0.0441276485340355,0.43283582089552236,-30.938220880398852
TQQQ,P1a,2025,0.10170581721697446,33,0.054833709699858,0.9482162092167152,0.07157498498832715,0.5151515151515151,16.553458211400162
TQQQ,P1b,2016,-0.008378059662066764,43,-0.007737859081118416,-0.37196817893316375,0.004190907173607372,0.46511627906976744,-0.4271096028407842
TQQQ,P1b,2017,0.0006200477480036446,61,0.0028036979476702443,0.13556627151293169,0.0003865332424994872,0.39344262295081966,-6.009728520304073
TQQQ,P1b,2018,0.3665628236539905,79,0.07125748020483746,2.3537123315849535,0.09603823671160305,0.6455696202531646,40.944106647876595
TQQQ,P1b,2019,-0.054850280343383705,52,-0.021352348696453884,-1.1567426666857186,0.03286779476846402,0.4230769230769231,-14.842516320518879
TQQQ,P1b,2020,0.7290550266244911,71,0.06650580357200778,1.1654174502002201,0.03875515396006868,0.5774647887323944,53.036181570811124
TQQQ,P1b,2021,-0.1467726553897755,69,-0.03959802178432105,-1.9592024468009392,0.07385174849264209,0.391304347826087,-21.679134053312705
TQQQ,P1b,2022,0.22981980228306417,80,0.02109801054356803,1.2046322792820285,0.020625869607645453,0.5625,30.604001277954637
TQQQ,P1b,2023,-0.030957768474315094,70,-0.005004313215958985,-0.30498291407458783,0.002124490759909281,0.4142857142857143,-6.618111440876762
TQQQ,P1b,2024,-0.07184940576670645,75,-0.020647462795535164,-1.1166894788294777,0.018880314618015315,0.4,-15.929086039261472
TQQQ,P1b,2025,-0.01324953067330193,30,0.003184532482029677,0.11484837190725684,0.0005406785191288677,0.36666666666666664,-18.466323469761367
SQQQ,P1a,2016,-0.00654985293592871,41,-0.012137803915904053,-0.5435470514165984,0.00517305549975644,0.4878048780487805,-8.679390633038112
SQQQ,P1a,2017,1.5913501834466023e-05,56,0.004447697897139856,0.13475968182769626,0.0005984034326820264,0.48214285714285715,1.7520040725433579
SQQQ,P1a,2018,0.24320944312029066,81,0.13578316733112739,2.781567457662554,0.1915443200282032,0.6172839506172839,65.77701883965568
SQQQ,P1a,2019,-0.02769241724580094,54,-0.026007307254924443,-1.4057261874440308,0.029765725460251358,0.3888888888888889,-17.765392247559532
SQQQ,P1a,2020,0.529855029084937,66,0.13944620035222363,2.5439948128401673,0.1390735036927747,0.6212121212121212,112.49975158337627
SQQQ,P1a,2021,-0.05342496324087907,63,-0.034693232043538844,-1.141955647622736,0.03440739688792194,0.4126984126984127,-19.544115252449963
SQQQ,P1a,2022,0.16785156875529503,68,0.05815559671389877,2.3451024823337736,0.0587223504409925,0.6617647058823529,48.803847564888684
SQQQ,P1a,2023,0.04123906569264451,55,0.05987326862369155,3.197238263465682,0.0914183498267025,0.6,26.88933773972342
SQQQ,P1a,2024,-0.07459854052160846,67,-0.053707803217517947,-2.0646473975379593,0.05474654702922599,0.417910447761194,-34.76477911099761
SQQQ,P1a,2025,0.1800947537892155,33,0.10713206191321914,1.3423888342944266,0.1664225431139308,0.5151515151515151,32.95767273371388
SQQQ,P1b,2016,0.0011011900615286124,43,0.0005060650258569537,0.02508453315613441,1.7800686513469444e-05,0.46511627906976744,3.7456874900010373
SQQQ,P1b,2017,-0.002070056390337411,60,0.001597242487024784,0.08014239397701402,0.00013268632003238245,0.38333333333333336,-6.114733002203628
SQQQ,P1b,2018,0.2983695831386767,81,0.07627768008731553,2.424435408732306,0.11861483971909959,0.6419753086419753,39.540911046041
SQQQ,P1b,2019,-0.03438766104434128,51,-0.017172163182231776,-0.8879246747301954,0.021056361069368923,0.43137254901960786,-13.890491032005142
SQQQ,P1b,2020,0.705367987559299,70,0.08518306805832442,1.7577653210606214,0.07134675923386768,0.5714285714285714,66.27669842114055
SQQQ,P1b,2021,-0.11656153446761812,71,-0.04014878541589433,-2.1189205945731437,0.07837565061674545,0.4225352112676056,-19.559585650795537
SQQQ,P1b,2022,0.16469341406987892,80,0.019779237386998404,1.1786842811492193,0.018942743993333178,0.5625,27.35937606553519
SQQQ,P1b,2023,-0.031394041310840504,70,-0.006744214341440291,-0.40878537159860556,0.0037293631970928276,0.4,-8.525861059748761
SQQQ,P1b,2024,-0.06095610383928574,73,-0.02280220266649991,-1.3579119213326272,0.02384158447778184,0.410958904109589,-17.281089603962815
SQQQ,P1b,2025,0.07583722222303976,30,0.027751037276510484,0.9576517639443967,0.05231848000414596,0.36666666666666664,-8.373440485482867
TNA,P1a,2016,0.023461637911702322,50,0.006808972922428223,0.277526625996781,0.001717633249047501,0.48,2.5039020427673586
TNA,P1a,2017,0.07422778853506208,56,0.04735992135769269,1.7974868464194431,0.04459549560095777,0.5892857142857143,9.51726669154016
TNA,P1a,2018,0.19431541091771104,74,0.03633580679490105,0.7106538600825731,0.009464388843912985,0.5675675675675675,23.37830030848195
TNA,P1a,2019,0.0012766682788030968,49,0.0006812515931907167,0.022284366101661922,1.4541062609008115e-05,0.46938775510204084,-3.2891883790749623
TNA,P1a,2020,0.5421695603509417,67,0.024210692286091132,0.8477209027609682,0.015102242812391697,0.5074626865671642,-0.9737794552267971
TNA,P1a,2021,0.04303103158542453,70,0.008281809680810263,0.2735543101160868,0.001561081189273117,0.4857142857142857,10.420146303539363
TNA,P1a,2022,0.14187857439535825,74,0.016240290605871073,0.6990508206530838,0.006642500530399165,0.6081081081081081,18.90277730202426
TNA,P1a,2023,0.018992772253766374,67,0.003815090606049256,0.13329351381598956,0.0005184409445772031,0.4626865671641791,-6.387743632368274
TNA,P1a,2024,-0.15707335079738624,64,-0.02533122138578486,-0.8401041694739008,0.015966091337426325,0.453125,-12.58490627628367
TNA,P1a,2025,0.11771990656861679,30,0.02623426650204506,0.8630642521217435,0.026076382486405758,0.5,-1.928948654386975
TNA,P1b,2016,-0.03343747452506476,50,0.011354372305484337,0.5365278562500037,0.00898449169608373,0.5,9.132368395498268
TNA,P1b,2017,-0.013228619588961887,63,0.008961394457568675,0.34449615125588967,0.002473013429036053,0.47619047619047616,-0.7233983051528681
TNA,P1b,2018,-0.19211343946763002,72,0.04034613739546687,1.226564391968975,0.032046771277833175,0.5416666666666666,27.040261460978453
TNA,P1b,2019,0.0016646227658649918,52,-0.00046210452449423414,-0.023833026354519504,1.5763239960886466e-05,0.5961538461538461,2.887386563983907
TNA,P1b,2020,0.7468298291670955,68,-0.03358419368464649,-1.3087087416401155,0.02598326519575589,0.4411764705882353,-18.139317414973803
TNA,P1b,2021,-0.049558539123392885,77,0.009311909074845897,0.47635706870997346,0.003972688314374473,0.5324675324675324,8.910833047674071
TNA,P1b,2022,0.17473845159165177,80,-0.014930051021127135,-1.0306321792148967,0.011341151577617614,0.4875,-7.100962534377115
TNA,P1b,2023,0.016368175296059655,69,-0.003568293874881772,-0.20409015866999683,0.0010079257652135798,0.42028985507246375,-7.357127275290188
TNA,P1b,2024,0.16196739404139515,65,-0.027877641079808013,-1.449925313309932,0.040010926215396814,0.47692307692307695,-19.536234098081295
TNA,P1b,2025,0.18676959984298247,33,-0.03205201844004101,-1.4936551562130878,0.07340749633263766,0.48484848484848486,-28.76307731087753
TZA,P1a,2016,0.02645249150689269,51,0.010655993851809329,0.49978621374271337,0.0043869475456020934,0.5098039215686274,3.1185358907251217
TZA,P1a,2017,0.04204541292100029,57,0.03769330892800572,1.5001378632885274,0.0284374875593284,0.5263157894736842,6.287066713486768
TZA,P1a,2018,0.12213925113262777,72,0.027581128716109342,0.5701547737817957,0.006332694101213288,0.5416666666666666,19.5479614952145
TZA,P1a,2019,0.00019043163371078748,52,0.00043340770241033673,0.014939455500929911,6.205200172360037e-06,0.46153846153846156,-2.022163838620562
TZA,P1a,2020,0.4999196523952916,69,0.030484490683158935,0.7178797875881562,0.014118197711200486,0.5217391304347826,19.017938773926886
TZA,P1a,2021,0.044730535826046275,72,0.011820826340288155,0.4145059022448975,0.0035110412929670876,0.4722222222222222,11.516702261956961
TZA,P1a,2022,0.14992263259415237,74,0.022349645343145638,1.1041086491426098,0.016436795799162796,0.6081081081081081,20.912595188845135
TZA,P1a,2023,0.035404281699337924,67,0.009794764630168852,0.3002661658752067,0.0029223468474439684,0.4925373134328358,-3.8455248388025165
TZA,P1a,2024,-0.08733211825644219,63,-0.018721463079388427,-0.6517790566564996,0.008558017388157757,0.4444444444444444,-10.073935234401018
TZA,P1a,2025,0.16652742854738228,29,,,,,
TZA,P1b,2016,-0.20551227372991943,50,0.013838900300454643,0.7870538038295054,0.013307122562491891,0.52,9.771826265597783
TZA,P1b,2017,0.004527314302183017,63,0.0009252802231146597,0.03723881753602677,2.631239841566213e-05,0.4444444444444444,-2.853304487645307
TZA,P1b,2018,-0.9201710652331825,70,0.038990376635836516,1.245823937662776,0.0337873312431759,0.5,26.12081588147881
TZA,P1b,2019,0.05842387295483845,53,-0.0036636354089262784,-0.2084916097581373,0.0008568013410060749,0.5471698113207547,0.9679377426726523
TZA,P1b,2020,0.38446984163640574,71,-0.0038260415288855006,-0.1067955491656236,0.0002491351318020252,0.4788732394366197,11.68593773747499
TZA,P1b,2021,-0.3578035281463362,78,0.013137115629287209,0.700567343011786,0.008015712553496201,0.5641025641025641,11.641746791823238
TZA,P1b,2022,0.3030797581624795,82,-0.00396772831345182,-0.27135443686178257,0.0007695751968447295,0.5,3.5028036499083113
TZA,P1b,2023,0.03576326313719116,69,-0.0015283476245531642,-0.08138683966092844,0.00018955517071828076,0.3333333333333333,-8.394030803856943
TZA,P1b,2024,0.6681000046018791,65,-0.0229971076234599,-1.2980043232800806,0.026735373488806724,0.49230769230769234,-17.03070175216306
TZA,P1b,2025,1.0291228123144611,33,-0.03693879149928454,-1.9266668897299852,0.10938578071360516,0.5151515151515151,-28.398329256077268
TECL,P1a,2016,0.009506579508900428,39,0.021946767070997124,0.7814288386583242,0.015711739998221508,0.5641025641025641,2.178221647053818
TECL,P1a,2017,-0.004321113481213172,53,-0.008629431654347935,-0.19383698997186885,0.0019431260110410742,0.4528301886792453,-0.987106709258775
TECL,P1a,2018,0.207654976804462,77,0.11387819754027295,2.5550285250860196,0.12797816585251875,0.6103896103896104,63.60908056787021
TECL,P1a,2019,-0.02277657135503413,52,-0.018616855645486333,-1.015385521166057,0.01491170105410522,0.46153846153846156,-13.207842552307769
TECL,P1a,2020,0.6823262648525679,59,0.14430394499778498,2.4816406365941575,0.1235131184874021,0.6440677966101694,126.16623634731555
TECL,P1a,2021,-0.04907318443984355,66,-0.02933695976879964,-1.0123115589668075,0.022091594473821252,0.3787878787878788,-13.56645037263547
TECL,P1a,2022,0.1412647759322803,69,0.04101407608610202,1.5634888510008278,0.027417518070697477,0.6231884057971014,38.09581806901532
TECL,P1a,2023,0.03986785740629629,54,0.04311363711616273,2.5884728979888396,0.10224159563367097,0.6666666666666666,22.272109717050622
TECL,P1a,2024,-0.08598510571006059,70,-0.03978098234557756,-1.3728111203024806,0.039786528650337716,0.5428571428571428,-15.552737306173743
TECL,P1a,2025,0.08153552048164461,30,0.03519806266952194,0.6149408380179159,0.028896762779882734,0.43333333333333335,0.7683498179226571
TECL,P1b,2016,-0.008831402588013518,42,-0.0085858693504518,-0.44143286897283,0.0048820891511186515,0.4523809523809524,-0.3547206403522093
TECL,P1b,2017,0.004099860135123312,50,0.006308277357669039,0.2663383241080565,0.00210441967578634,0.4,-4.264540250440363
TECL,P1b,2018,0.29786803282166086,78,0.0715032581638443,2.3205944289346014,0.0974200496082761,0.6410256410256411,41.48764923872243
TECL,P1b,2019,-0.01603869682745175,52,-0.006269244830217322,-0.37789246111141583,0.002912638721797589,0.5,-6.641892146913148
TECL,P1b,2020,0.8659332348744379,65,0.08369847403030246,1.6814546633488843,0.05598011711032602,0.5692307692307692,70.44141396556633
TECL,P1b,2021,-0.09552487362417493,67,-0.03230069077434166,-1.4485363071953352,0.04076176562101075,0.43283582089552236,-13.91655721685122
TECL,P1b,2022,0.19267826824180015,80,0.020934902055827383,1.0159050939068994,0.01671415900207196,0.55,29.07982776327503
TECL,P1b,2023,-0.08810500586645163,67,-0.025354904125759317,-1.6744884529020359,0.048300458948689284,0.3880597014925373,-14.700703079035483
TECL,P1b,2024,-0.07524821056857066,72,-0.018014061181717497,-1.03672236361699,0.015116552533916305,0.4722222222222222,-12.487374546333246
TECL,P1b,2025,-0.07683120659835967,31,-0.009132249996812968,-0.3741579658075165,0.004698758868487363,0.41935483870967744,-27.002472706466143
TECS,P1a,2016,0.005471421562446705,27,,,,,
TECS,P1a,2017,-0.004118958779048349,45,-0.00954489765293427,-0.2438521958283645,0.0025888021748163847,0.4666666666666667,0.9231835452733576
TECS,P1a,2018,0.16977087566761562,75,0.1057649493099731,2.444410330054162,0.12171001153204264,0.5866666666666667,61.60701129028311
TECS,P1a,2019,-0.017633612689669804,52,-0.01451525221056117,-0.747111333043104,0.009833592341587316,0.4230769230769231,-14.839885449321937
TECS,P1a,2020,0.5480781507055569,63,0.12802774270496173,2.0091799578909137,0.090833317999934,0.6031746031746031,115.99364023755834
TECS,P1a,2021,-0.03419340213812575,67,-0.019882341970894224,-0.7283173158873891,0.010736131679816352,0.417910447761194,-7.375992716037213
TECS,P1a,2022,0.15958547196500783,66,0.051250680456488146,1.8665167309568456,0.04826910803249673,0.6363636363636364,46.88807656777846
TECS,P1a,2023,0.03927519877840756,54,0.046601982020003145,2.5685575789987207,0.09521581647245947,0.5740740740740741,25.313595981297272
TECS,P1a,2024,-0.07435667328787601,70,-0.038492337586969405,-1.4864527560859024,0.039442431722404026,0.4714285714285714,-17.832037080945923
TECS,P1a,2025,0.20812152821568528,30,0.09828844146822802,1.1722124393896625,0.12861876008325046,0.43333333333333335,28.4154678067083
TECS,P1b,2016,-0.010150864277353695,30,-0.014375833011190326,-0.7015331299224817,0.015472005478425532,0.4,-4.070644201630021
TECS,P1b,2017,-0.0035523572458233837,50,-0.0031884417522951613,-0.14871581696362068,0.0006511044744507144,0.34,-4.412873912896442
TECS,P1b,2018,0.20691341460220347,77,0.07092200846851146,2.2724965829554047,0.10278096859677333,0.6103896103896104,42.30646168238174
TECS,P1b,2019,-0.0059909643001781285,54,-0.002653129231967404,-0.13801919068806015,0.0004992957737509629,0.46296296296296297,-7.053533273159122
TECS,P1b,2020,0.7051869775618872,68,0.09301853812172152,1.5761497831945306,0.06355079277312525,0.5588235294117647,73.76229675330157
TECS,P1b,2021,-0.04048856745845857,68,-0.018253528398636015,-0.8472933398732438,0.013006138662000177,0.47058823529411764,-5.511062729842207
TECS,P1b,2022,0.19157620751482438,78,0.02877159212890276,1.429397507279323,0.035170658800455556,0.5769230769230769,36.19663852243886
TECS,P1b,2023,-0.0654826146799884,67,-0.02550697769704355,-1.6719105869575006,0.044932533057253976,0.3880597014925373,-13.992243045666578
TECS,P1b,2024,-0.03917794482471545,74,-0.01320385060274707,-0.7808371297039792,0.008088038626005822,0.47297297297297297,-8.093166087256089
TECS,P1b,2025,0.06116671310760273,30,0.01998755078137781,0.8563700062982881,0.030656958105495735,0.36666666666666664,-8.167266289395755
SOXL,P1a,2016,0.02503143794944953,42,0.023436875531095483,1.0859248845363711,0.025240926267934838,0.5952380952380952,13.86926550082403
SOXL,P1a,2017,-0.0030264081537323263,60,-0.0011600008227159678,-0.036547492355912,3.992780285055897e-05,0.5833333333333334,13.486893747325183
SOXL,P1a,2018,0.21385234788387167,71,0.10212734243441042,2.3553349104063965,0.1269033531162389,0.647887323943662,74.07845499694476
SOXL,P1a,2019,-0.028459703730043924,63,-0.016541666056143538,-1.223291032878736,0.014405710127076476,0.42857142857142855,-11.422134834704035
SOXL,P1a,2020,0.39819480314002065,64,0.08148642468092449,3.3845798496664257,0.11884842655610528,0.671875,81.08742125492282
SOXL,P1a,2021,0.11168974812112004,74,0.044311273561528336,1.5992731605164474,0.054062100491155785,0.527027027027027,33.05710231544083
SOXL,P1a,2022,0.06352785363231675,73,0.012520408155676673,0.4434096181648461,0.0030480598853269703,0.5753424657534246,11.740212826644033
SOXL,P1a,2023,0.06918518981458321,51,0.03386179710780578,1.5469482444796463,0.06402167391426761,0.5490196078431373,26.5538818776569
SOXL,P1a,2024,-0.0066864653348756254,75,-0.002412368596826038,-0.10655884276262871,0.00021429561332575453,0.5066666666666667,-4.112938894630218
SOXL,P1a,2025,0.15669119667728984,29,,,,,
SOXL,P1b,2016,0.017005155888337203,38,0.00042571443369870477,0.024868839794972883,1.9875254481105387e-05,0.5263157894736842,9.204942541082488
SOXL,P1b,2017,0.38374928276478326,60,0.0174808504708454,0.715226868680647,0.01704323552257625,0.5833333333333334,6.162091872776592
SOXL,P1b,2018,4.014794235081868,66,0.07720143010057796,2.6862125629416345,0.15965968166393374,0.6212121212121212,56.46996204880522
SOXL,P1b,2019,-0.6121348427215867,63,-0.011250829300424325,-0.9592878605325403,0.013581656374361817,0.3968253968253968,-8.981353780238848
SOXL,P1b,2020,2.129402441958198,68,0.0164790728710058,0.3882809994921486,0.0036725579416372334,0.6470588235294118,50.33183828680606
SOXL,P1b,2021,1.5366515988010292,71,0.022896802692537653,1.418965460649573,0.03528672712595082,0.5633802816901409,21.02784991631681
SOXL,P1b,2022,-1.7214177016936087,78,-0.013381860399452942,-0.950669348095039,0.010988607355235103,0.5128205128205128,-13.634236172291656
SOXL,P1b,2023,-2.1224130967236854,63,-0.03141329692842555,-2.851043397950633,0.11369862810665965,0.36507936507936506,-29.473849581413706
SOXL,P1b,2024,0.859854572786184,73,0.00982093104076887,0.5012121498644876,0.0057206892607866155,0.4794520547945205,0.21485640379054127
SOXL,P1b,2025,-3.48549164614152,32,-0.033418563904552404,-1.1514707099133572,0.03627006147818579,0.3125,-83.64337633634183
SOXS,P1a,2016,0.018712730980894907,38,0.03031051237305444,1.44374313254483,0.04241852041980254,0.5263157894736842,20.141592091025927
SOXS,P1a,2017,0.003176803000948955,59,0.006309171729679496,0.24196334720101095,0.0015171897375712007,0.5423728813559322,16.323706324331365
SOXS,P1a,2018,0.12138551934519379,71,0.09059050310099628,2.2667145943560536,0.11108170139562301,0.6056338028169014,66.3312074364608
SOXS,P1a,2019,-0.020022399439503173,65,-0.016278188832922785,-1.269996692274578,0.0140756488552356,0.4307692307692308,-11.924289231893592
SOXS,P1a,2020,0.4374708900180402,63,0.13971145729391754,3.1697477293029417,0.16507693938836498,0.7301587301587301,144.70095682456963
SOXS,P1a,2021,0.061444461940984366,72,0.03974487695690558,1.5444191470423407,0.04272632664505149,0.5277777777777778,28.531637907784116
SOXS,P1a,2022,0.06889089363884758,73,0.020454978505503527,0.6916700937423431,0.008118167731063108,0.6027397260273972,20.252870579173617
SOXS,P1a,2023,0.05110110441280864,54,0.03671236734982803,1.7291619278946635,0.06753367863188775,0.5740740740740741,30.40755808020823
SOXS,P1a,2024,-0.0029264142789573685,75,-0.0025482714981463683,-0.14039250566629652,0.0002285927731588977,0.48,-6.130706949050039
SOXS,P1a,2025,0.2607664103807421,32,0.12055969108206109,1.4050404587156673,0.15283762782955745,0.4375,40.28329831487817
SOXS,P1b,2016,0.016067820903086928,34,0.009306570405525273,0.7078275067445284,0.009061524143497368,0.5,12.4123646826293
SOXS,P1b,2017,0.016930386784229343,59,0.011409450333908272,0.5121381404144837,0.00851175951551053,0.5423728813559322,3.6967477059398
SOXS,P1b,2018,0.2500340719691443,66,0.07028681807795717,2.734730950542482,0.16427225743446938,0.6212121212121212,53.19744828804037
SOXS,P1b,2019,-0.034226653190367,62,-0.00841632133412391,-0.7624652617159163,0.007122808906224187,0.4032258064516129,-8.46318215003694
SOXS,P1b,2020,0.7631328763349732,68,0.08147545128129258,1.847266968197767,0.08415406419053728,0.6323529411764706,90.41350859464286
SOXS,P1b,2021,0.13715134347051344,72,0.03006031659779637,1.6867359509110222,0.050729753977357905,0.5138888888888888,25.205096448075356
SOXS,P1b,2022,-0.1088035502469681,77,-0.012573328668259791,-0.8990514991711196,0.011413665303367515,0.5324675324675324,-10.285879538920735
SOXS,P1b,2023,-0.14553222518431044,63,-0.03291129716943619,-2.9800215645157397,0.12448372461524992,0.36507936507936506,-31.948031702956364
SOXS,P1b,2024,0.0619629425627455,74,0.010818728604791031,0.590570014828184,0.007043546629916797,0.4864864864864865,1.0691400762874448
SOXS,P1b,2025,0.043282986596952816,32,0.008249033210195024,0.2583389484913734,0.0027817279259024774,0.3125,-50.91681035038403
UDOW,P1a,2022,-0.5326633483013096,48,-0.01155316066079922,-0.42456131425248134,0.002750583158086961,0.4791666666666667,-5.791398032477154
UDOW,P1a,2023,0.052828087594963186,56,0.009013673160461139,0.41768644330906596,0.0026320769201385597,0.42857142857142855,5.391499928301026
UDOW,P1a,2024,-1.011536641549225,70,-0.051188470277402004,-1.5091617507243222,0.03729440248852989,0.44285714285714284,-10.74912964266098
UDOW,P1a,2025,2.491371902255571,27,,,,,
UDOW,P1b,2022,0.6378472005299932,52,-0.017257552520218017,-0.7235392073480653,0.01041601115162516,0.4230769230769231,-8.77415245643987
UDOW,P1b,2023,-0.19140534576193616,60,0.01562904009468627,0.928906695118978,0.016251233588674308,0.5166666666666667,6.583820356831804
UDOW,P1b,2024,0.7392380401002939,74,-0.04676095634060073,-1.7351292055081577,0.04389900839289318,0.3783783783783784,-16.12752284597231
UDOW,P1b,2025,-0.185679894868351,30,0.012870846471486015,0.4202920081188799,0.009803835625304957,0.4,-16.9076727565306
SDOW,P1a,2022,-0.4467094080972556,50,-0.011448174796884779,-0.463605585733674,0.002563778017308116,0.5,-12.32754659118529
SDOW,P1a,2023,-0.1067231870043689,53,-0.0009195244519698837,-0.04409048132352107,3.235323068828677e-05,0.4339622641509434,0.4932465780969609
SDOW,P1a,2024,-0.8428286565959243,73,-0.0542932857080436,-1.6667226686754928,0.04110450410666788,0.4246575342465753,-15.136160276899796
SDOW,P1a,2025,2.396261251697549,28,,,,,
SDOW,P1b,2022,0.43601373557652656,51,-0.003698395367160818,-0.22963180947512485,0.0006610906225078539,0.43137254901960786,-0.7675458484662452
SDOW,P1b,2023,-0.6199726538007401,63,0.017573566594394338,1.0205721692983414,0.019133475790273136,0.5396825396825397,8.006188998650272
SDOW,P1b,2024,2.0831685157897613,76,-0.04688208448810584,-1.7765976636015481,0.04317904000539219,0.3815789473684211,-17.34610277386205
SDOW,P1b,2025,-0.8992095975655477,29,,,,,
LABU,P1a,2020,0.6440128157781234,39,0.12357152435798975,4.51069479014125,0.33438392080350654,0.7948717948717948,117.18643138584967
LABU,P1a,2021,0.17075654929743253,63,0.04056893423716529,1.302428046017996,0.024943300419663528,0.6666666666666666,63.00399017935255
LABU,P1a,2022,0.3128758283953637,74,0.035318678442048904,1.834623243347343,0.038756456191949895,0.581081081081081,49.80944862725459
LABU,P1a,2023,-0.09254765614123242,71,-0.024958684720975875,-0.7633733871446393,0.01978034495961778,0.352112676056338,-21.517808463246524
LABU,P1a,2024,-0.140165320706265,68,-0.04369812250044863,-1.2136757533589257,0.043011517733601345,0.38235294117647056,-25.88965865196764
LABU,P1a,2025,0.10506778337657789,36,0.0508786762238726,1.2368203192608416,0.07480039236765845,0.5555555555555556,22.019477397182932
LABU,P1b,2020,0.8956188005687061,43,0.04275417466253887,3.4987093052260603,0.08694736033401285,0.5581395348837209,34.02660287317595
LABU,P1b,2021,0.7326890420725091,63,0.0509834985749612,3.5440282244342303,0.13850645610476875,0.7142857142857143,63.26023574005835
LABU,P1b,2022,-0.06460957791000843,83,-0.0015411756104065177,-0.10399427048558064,0.00013527946336666652,0.5060240963855421,6.248851909853488
LABU,P1b,2023,-0.16116064399798516,75,-0.012392506572218812,-0.6305216236881475,0.009533666832477916,0.44,-8.670823345696435
LABU,P1b,2024,-0.2773461184803528,66,-0.026231518859550697,-0.9810095144912536,0.028582820440935186,0.6060606060606061,-1.845342257087872
LABU,P1b,2025,-0.12519150225286899,35,-0.013622617300655997,-0.7176842566722065,0.013495115152206916,0.4857142857142857,-14.703285422364925
LABD,P1a,2020,0.5845121950450551,38,0.12413410904307189,4.475799207709122,0.2989879241088632,0.7368421052631579,127.65241036450276
LABD,P1a,2021,0.11437298097532046,60,0.029481366637462272,0.8663692878930647,0.014541074085126504,0.6,58.58357155885162
LABD,P1a,2022,0.3539065243079265,74,0.042870387479620825,2.1155438434570715,0.05371754596879874,0.5945945945945946,62.09123772946328
LABD,P1a,2023,-0.06773582742089125,70,-0.019350285776789284,-0.5411356987412472,0.011647918041919114,0.38571428571428573,-14.480566196634244
LABD,P1a,2024,-0.11491968675632655,69,-0.03734071212423239,-1.0011700331213087,0.0311315478674693,0.4492753623188406,-19.399534236602694
LABD,P1a,2025,0.12986381384891577,34,0.07356884835870207,1.5474939067467006,0.14663717370736162,0.6176470588235294,35.463441359112906
LABD,P1b,2020,0.6925950270235247,42,0.06221983656643959,3.239606013930516,0.1550058871497949,0.5238095238095238,49.11024768070017
LABD,P1b,2021,0.4033078537451377,64,0.049169557967450095,2.829996726911972,0.11667221453376742,0.703125,63.87546066178912
LABD,P1b,2022,0.09312653751797749,83,0.00555800647740306,0.36419946304242706,0.0018356812897495356,0.5180722891566265,15.878375650816986
LABD,P1b,2023,-0.03248124330422468,76,-0.004354765279198503,-0.21515245213473103,0.0011282406736120576,0.40789473684210525,-2.452464934859204
LABD,P1b,2024,-0.11487513708139234,65,-0.018885105692211808,-0.676532593203852,0.014339211380387185,0.6,3.3874449547744905
LABD,P1b,2025,-0.04167303790102299,36,-0.007280090081425894,-0.5233381984754361,0.005529886059738365,0.5,-6.902078052091445
NVDL,P1a,2023,0.2299548399514672,20,,,,,
NVDL,P1a,2024,0.7898577443751533,75,0.009156156191456008,0.3375321614889109,0.0029399703506699515,0.56,6.474845194802356
NVDL,P1a,2025,-0.01981258432662064,33,0.0013304982468281834,0.042327994493770234,4.4074911119573734e-05,0.5151515151515151,-3.8162514794753126
NVDL,P1b,2023,-5.4134118526783706,23,,,,,
NVDL,P1b,2024,-159.74681982973922,67,0.02220028669935092,1.3012634400904757,0.02921037804687865,0.582089552238806,19.10542722904578
NVDL,P1b,2025,166.1602316824176,35,-0.022924407951029766,-0.9277058087475996,0.022478544772812525,0.5428571428571428,-29.303609042058135
NVDS,P1a,2023,-0.5960104380205076,28,,,,,
NVDS,P1a,2024,-0.0618078741876842,75,-0.0008625036168325446,-0.032777599914711686,2.3064767989633417e-05,0.5733333333333334,-3.813302719141938
NVDS,P1a,2025,1.6578183122081918,37,0.02577701202845258,0.6612212914047501,0.016286472517305306,0.5405405405405406,6.30800101703802
NVDS,P1b,2023,2.187381364238698,32,-0.051353740034115025,-2.351243626206201,0.14167442372566663,0.53125,-16.826812882640084
NVDS,P1b,2024,-1.488043980005398,69,0.020155935101110217,1.2131180796354781,0.0218979510543299,0.5797101449275363,12.537485046840713
NVDS,P1b,2025,0.3006626157667001,36,-0.0010113437035723684,-0.04445594730354127,5.2888455860267136e-05,0.5,-11.372666190619167
