sym,spec,n,b,t,same_sign_frac,max_year_share,max_year,signed_z_mean,signed_t,t_ex2020,t_2023,t_2024,t_2025,pass,underlying
QQQ,P2a,2230,0.033656855698772636,2.3529223531209524,0.5,0.501235693813849,2018,0.020753754108744474,2.597123024552164,1.5193049332272055,4.084617810383157,-0.9859409661650353,0.7413234539022937,False,True
QQQ,P2b,583,0.035329868960204555,2.058997692880559,0.6,0.5858016863035188,2018,0.05129929932261699,2.2193355495053453,1.1974761233176248,3.5410444538750983,-1.6428069962534046,1.0147800566274137,False,True
IWM,P2a,2227,0.018522104344758598,1.8324042331315493,0.8,0.5011728065830406,2018,0.010832031460303515,1.5713741618857575,1.6772676322285003,0.4175073697640931,-0.9324276175988285,1.0102491436212937,False,True
IWM,P2b,604,0.020588261990005956,1.7059021328263924,0.5555555555555556,0.5059116323073489,2018,0.023488801935510673,1.4207799717101486,1.4399225364669144,-0.009940234758937733,-0.7902293664410912,,False,True
XLK,P2a,2223,0.039112896128106395,2.802091815970059,0.6,0.42200005505071303,2018,0.022985440144012523,2.9284909109430997,1.9740952980068687,3.5305737774102885,-1.1726727355519295,0.7207764787613204,False,True
XLK,P2b,570,0.04236631474506368,2.5532299914054124,0.6666666666666666,0.4552583385117131,2018,0.06814066454241902,3.022267749467308,1.7429005668491697,2.4132430062126695,-1.2248284888970524,,False,True
SOXX,P2a,2218,0.031113434675419643,3.2065761846982976,0.9,0.3552362936742588,2018,0.02147554311184539,3.3114757924968505,2.667473931810233,2.5162258121751413,0.6750443274700407,0.5925606457278487,True,True
SOXX,P2b,602,0.03400913818289815,2.9460814950518537,0.9,0.385399628242817,2018,0.048517932556591196,2.9794005718440535,2.289264026631496,1.3242558501942305,0.2613640509881087,0.8104732086679796,True,True
DIA,P2a,803,-0.002509917841119527,-0.12723667903823813,0.5,7.206518727491568,2024,0.006865219846172358,0.5570128509344625,-0.12723667903823813,0.6256300987843677,-1.8225106884835374,1.3656073759785117,False,True
DIA,P2b,203,-0.007730978529122629,-0.3136874325733525,1.0,2.601207044533659,2024,-0.01452755887774967,-0.5102749351019473,-0.3136874325733525,-0.16840430763249128,-1.7570083405099748,,False,True
XBI,P2a,1279,0.03356240422176236,2.8524537508322405,0.6666666666666666,0.44608750811586934,2020,0.03204800897108661,3.419564302181698,1.8417370498814842,-0.7104784700655281,-0.6066763279649672,1.1105016312669707,False,True
XBI,P2b,347,0.023706176821105,1.5444824095161764,0.6666666666666666,0.609379727611093,2020,0.038905569060663524,1.7496019796482605,0.6995945723882323,-1.068450342110243,-0.6062173003754152,1.2162489982742386,False,True
NVDA,P2a,1286,0.014954133554839282,1.4500112245822852,1.0,0.6320618411548711,2020,0.024471483236206366,3.3179452409698733,0.649193249182129,0.32700866967246706,0.5695397873093916,0.2901666427319761,False,True
NVDA,P2b,331,0.008205622424424292,0.710349656754398,0.6666666666666666,1.2820973639743258,2020,0.023442702799642213,1.2605315797555727,-0.2659344715150618,-1.82857204739775,0.8411355039908426,0.5335286120427906,False,True
TQQQ,P2a,2230,0.03176986776864294,2.2000792305284858,0.5,0.5367037454808504,2018,0.019545338178505074,2.445919484911901,1.3735966030877504,3.964786324095265,-1.0276623864153467,0.667532230099412,False,False
TQQQ,P2b,588,0.034210785054144606,1.9763841471927075,0.6,0.6199213852927595,2018,0.05047486781128308,2.179688469045046,1.1333719181859292,3.3656234447136737,-1.5629552067423857,0.9349309666284198,False,False
SQQQ,P2a,2230,0.033343895224476956,2.425607291189771,0.5,0.500867098008752,2018,0.020724688745147334,2.6391637025811883,1.6542923645378667,3.75828104919652,-1.1552150557683303,0.9165937889804455,False,False
SQQQ,P2b,584,0.03550220185560439,2.1531377541453636,0.6,0.5805960277322821,2018,0.05084685141298492,2.2699144464426677,1.3652076781748497,3.2395889092082,-1.8958996957208967,1.197262489115214,False,False
TNA,P2a,2227,0.017642449686529345,1.765279887292823,0.8,0.5326235596552921,2018,0.011320992765003741,1.6289246715137085,1.5851738603025285,0.4722561145054218,-1.04336510258283,0.9671752704863493,False,False
TNA,P2b,601,0.018573999119400653,1.608243076885778,0.7,0.5938403826714183,2018,0.019599068389068917,1.2357375408998976,1.4580222251418995,0.008819316824500802,-0.8428157568187437,1.0836581495755249,False,False
TZA,P2a,2227,0.019696983610846566,2.0131546223664767,0.8,0.43767097086291595,2018,0.013150046817022453,1.9215405589985497,1.9460208990894885,0.6065982320360549,-0.7765270602160101,1.124309712154997,False,False
TZA,P2b,606,0.020461978420566403,1.7971787343521342,0.8888888888888888,0.4875000822167028,2018,0.023195874960763255,1.4734437588936407,1.711192868380661,0.18898390443427374,-0.6305598608539312,,False,False
TECL,P2a,2191,0.03252912067280946,2.3055731614635464,0.6,0.4788865184595992,2018,0.020704867889999947,2.610971762989559,1.4381126248717473,3.45554865206557,-1.5269306038484807,0.3490298776927677,False,False
TECL,P2b,569,0.034482059607248504,2.063983374708957,0.6,0.5451568019922229,2018,0.05339278628362345,2.368540727843143,1.2339337093444063,2.2569299651696357,-1.6441718773791583,0.4970817417369035,False,False
TECS,P2a,2102,0.034975360540881247,2.5802898205690896,0.6,0.4005492517450695,2018,0.02180784530355938,2.730482887237872,1.7527145691834032,3.211804593968979,-1.5978932324282717,0.7987067927093916,False,False
TECS,P2b,549,0.03707934851525596,2.332394530009105,0.5555555555555556,0.46456995036718085,2018,0.05911753632945861,2.6754057956218924,1.5453930475817532,2.192251698534724,-1.9185760080139425,0.9778176859074915,False,False
SOXL,P2a,2223,0.03348997194087569,3.3527996142919685,0.9,0.3633401218278426,2018,0.02310666278243181,3.5221817759586065,2.653527630771587,1.9146258840003731,0.28713049592036033,0.3852417781504721,True,False
SOXL,P2b,602,0.03571431879673018,3.0935741686389258,0.6666666666666666,0.394657414175124,2018,0.053264774934227176,3.339360522197412,2.3488628894465244,0.9965667040368489,-0.06572964937730663,,False,False
SOXS,P2a,2202,0.040056417246598315,3.606046768365022,0.9,0.2803171997440675,2018,0.024072170960846257,3.597214121637589,2.87805805168412,2.3989404406249717,0.31605299018340355,0.8107513267811175,True,False
SOXS,P2b,602,0.04386329971472475,3.346229618983751,0.8,0.29945566771496274,2020,0.060429422527835404,3.427795945245587,2.5694321484361398,1.124225293026213,-0.2452367015591704,1.0761486635328525,True,False
UDOW,P2a,803,-0.008552340984506983,-0.41927616499229475,0.5,2.204865082534418,2024,-0.006355050149310487,-0.5124643867925515,-0.41927616499229475,0.17760941280365417,-1.8800948832165114,1.358765909629982,False,False
UDOW,P2b,201,-0.0060869030066979714,-0.24187254889415122,0.6666666666666666,3.188039621074757,2024,-0.0064456208670351945,-0.21244347533484328,-0.24187254889415122,0.08201242179949515,-1.5663611225596337,,False,False
SDOW,P2a,804,-0.002457874377842377,-0.11930535178859156,0.5,7.065981264885415,2024,0.0018918402109049293,0.15320446086998882,-0.11930535178859156,0.141119409656986,-1.7816812252024496,1.3907609163802488,False,False
SDOW,P2b,204,-0.008343317136360634,-0.31754083472799655,1.0,2.4895100659134277,2024,-0.0242831157093962,-0.806323862067422,-0.31754083472799655,-0.5178558845041141,-1.729111397043055,,False,False
LABU,P2a,1283,0.030394148366082615,2.651745597642656,0.6666666666666666,0.47548256283008133,2020,0.029117190351253968,3.124289859311213,1.6036280342144913,-1.3988717384309777,-0.475025057263082,1.0084992960275883,False,False
LABU,P2b,351,0.023078720691733123,1.58223327694884,0.6666666666666666,0.6162188896864702,2020,0.038746485946625636,1.77372633156189,0.6988209932798757,-1.4770539633009867,-0.5419443633775398,1.0915216705596993,False,False
LABD,P2a,1285,0.033854591427273525,2.9621234640176173,0.6666666666666666,0.432110839257954,2020,0.03350230524997625,3.699357211185416,1.8767604947231105,-0.9462690301932625,-0.2888596489781763,1.2388233109936935,False,False
LABD,P2b,345,0.02626758868593502,1.7659588723382684,0.6666666666666666,0.5367865264417955,2020,0.04860473367485385,2.2514809178096904,0.8967605198403449,-1.0781356022450719,-0.3874909915677178,1.3578381233531225,False,False
NVDL,P2a,490,0.010530015119063353,0.7826887963865029,1.0,0.5186136018464239,2024,0.0074329404203876005,0.6886509070863178,0.7826887963865029,1.7132650558397993,0.6053528672048503,0.0460313712833131,False,False
NVDL,P2b,128,0.009475172678044545,0.7534455479800533,1.0,0.9117388909033305,2024,0.009953308935703526,0.44039280811343323,0.7534455479800533,,0.8459615382890587,0.11967902579013014,False,False
NVDS,P2a,568,0.0029991312240160144,0.18740912057780731,0.6666666666666666,1.5016349936154147,2024,0.010750975845518382,1.0805678042099618,0.18740912057780731,-0.6299928141795579,0.5991215649413913,0.5273861080012802,False,False
NVDS,P2b,140,-0.0010867515568688726,-0.07098601941736636,0.0,11.008733652596884,2023,0.0025448345241168347,0.12362980132411881,-0.07098601941736636,,0.7861633516543047,0.7556408720355157,False,False
