date,gross_bp_sum,net_bp_sum,net_sharpe
2016,-457.0908446125698,-1309.0138186968034,-2.340358478063003
2017,690.5451670108474,-803.6494454078645,-1.1719927466741467
2018,1373.4997899221516,-334.6625837337581,-0.3766622691158656
2019,330.25470050973877,-666.3120096080014,-1.0434676897982813
2020,1834.0508062639865,716.9815020997407,0.8741905631386523
2021,587.811666100018,-968.9401492665315,-1.281521586962276
2022,3067.5117163108303,2262.590034198407,2.9405995803105482
2023,2308.62549229263,1344.2876067475972,2.3479399340300384
2024,580.117490840523,-681.6563840766026,-1.0537019169194402
2025,1134.7719489052215,724.3278102807112,1.0477539315035176
