universe,inst,sizing,breakeven_cost_side_bp,sharpe_c0,sharpe_c0.25,sharpe_c0.5,sharpe_c1.0,sharpe_c2.0,sharpe_halfspread_only,pf_halfspread_only
BASKET4,U,EQ,1.2000000000000002,1.5262445359431667,1.197206172006871,0.8680470975276741,0.20950195508505676,-1.1075488220335166,0.4540723069217004,1.103860870360027
BASKET4,U,LIN,1.5,1.459288594304967,1.2164256450254567,0.9728273660277186,0.4839880817295929,-0.4962435650725241,0.7176534211487052,1.2098971311697204
BASKET4,L,EQ,3.5,1.6012120303888058,1.4852773891568145,1.3693204374276533,1.137345834724774,0.6731975321980433,0.3824790806755922,1.0855792074219819
BASKET4,L,LIN,4.5,1.57274919939683,1.484745971565183,1.3966175031524752,1.2200115512740284,0.8655930069361223,0.6740323381226961,1.1901166258211873
QQQ,U,EQ,1.1,1.3031736657197257,0.9988683946270899,0.6944746053376409,0.08552931817235164,-1.1322363104193607,0.7744582447201099,1.1729334434134782
QQQ,U,LIN,1.5,1.417508263415888,1.1814923069659704,0.9445252670435176,0.46850594590369876,-0.4863683108779266,0.9856208846668522,1.3036480199226308
QQQ,L,EQ,2.9000000000000004,1.2405434211173187,1.1336378529924747,1.0267198121029817,0.8128510113841249,0.385015460845683,0.32545613964028136,1.06830789171129
QQQ,L,LIN,4.1000000000000005,1.3783085073775956,1.293228367137108,1.2080138327130423,1.0372170325444774,0.6944041150788705,0.6487031290226404,1.1855216654976266
SOXX,U,EQ,1.7000000000000002,1.5107700344877755,1.2838032934909158,1.0567701810127899,0.6025517276940805,-0.3061652685050117,0.015592426135162894,1.0030655748444663
SOXX,U,LIN,2.2,1.4103494703241493,1.2447000317882084,1.0787022155602044,0.7458818992806192,0.07850671900295272,0.3107699158406859,1.0857397341785286
SOXX,L,EQ,5.300000000000001,1.6840942296691173,1.6036577216457373,1.523210008614144,1.3622832085919467,1.0403198198861692,0.5956761619086737,1.123221309251011
SOXX,L,LIN,6.7,1.690326234132941,1.6269092518337729,1.5634219415769017,1.436248617105862,1.1811939709470143,0.8406269449744426,1.2341019044024095
