universe,inst,sizing,n_trades,sharpe,pf,cagr,maxdd,ann_vol,n_days,gross_sharpe,avg_net_bp,hit,rand_sharpe_mean,rand_sharpe_p95,p_vs_random,gate
BASKET4,L,EQ,8799,0.2365026561367365,1.0520569937480206,0.018688845218026495,-0.4269062170854184,0.09896278440078617,2408,1.6012120303888058,1.0006595464949983,0.4823266219239374,-2.244515392521252,-1.7243017496998356,0.0,False
BASKET4,L,VOL,8799,-0.22690450926944952,0.9552584303001356,-0.016516701683588653,-0.4181428143598853,0.0642908297877236,2408,1.421705249648813,-0.6236925725984513,0.4774049217002237,-2.6464190430168517,-2.0956980886522145,0.0,False
BASKET4,L,LIN,8799,0.5604123938940231,1.1557356214639811,0.04033485007708704,-0.1668169437571002,0.07565004942078449,2408,1.57274919939683,1.8125723963673164,0.4885906040268456,-1.7774592977722878,-1.2502993072934425,0.0,False
BASKET4,U,EQ,8891,-0.04793522873751803,0.9896525979039441,-0.002304722421473504,-0.22422180811860026,0.035216721781010034,2408,1.5262445359431667,-0.07214194931445508,0.45706618962432916,-2.603760595233768,-2.0722189584524227,0.0,False
BASKET4,U,VOL,8891,-0.5450317206874581,0.8951239050456121,-0.01259386327637979,-0.21920242244560106,0.022777098291616275,2408,1.3129228238452775,-0.5305231228267939,0.45348837209302323,-3.002758798848387,-2.450344182175687,0.0,False
BASKET4,U,LIN,8891,0.32887584099343,1.0910521297024065,0.008807160779845002,-0.10367539274782656,0.027838798192239816,2408,1.459288594304967,0.3912610328085149,0.47674418604651164,-1.9757206203073987,-1.42049694903403,0.0,False
QQQ,L,EQ,2228,0.1735022531388994,1.0358550321417894,0.013046265704310667,-0.4195874921851689,0.10879571998621997,2408,1.2405434211173187,0.8095761117370359,0.4964093357271095,-1.0696181844039434,-0.5530421260473434,0.0,False
QQQ,L,VOL,2228,-0.21071825643995845,0.9602784260396422,-0.020719153385126754,-0.4637164416306613,0.08300326365506328,2408,1.0563077310331879,-0.7501326838594726,0.4964093357271095,-1.2620367052198835,-0.7352597722227165,0.001,False
QQQ,L,LIN,2228,0.5299769714796233,1.149254810290551,0.04428796531643031,-0.23631861890648698,0.08926648587445248,2408,1.3783085073775956,2.029019368691351,0.4964093357271095,-0.8493551459094224,-0.338163140741159,0.0,False
QQQ,U,EQ,2229,0.23434810720373966,1.0494120290279296,0.008248524177875138,-0.17820567110804253,0.03815728556224947,2408,1.3031736657197257,0.38334058007523747,0.4899057873485868,-1.062343195786581,-0.5153192521254666,0.0,False
QQQ,U,VOL,2229,-0.1824956891856436,0.9652799060314499,-0.005652431899376031,-0.21118041711118463,0.02879035530942694,2408,1.123373258031209,-0.22523999458254038,0.4899057873485868,-1.2994573566524719,-0.7483871125905739,0.0005,False
QQQ,U,LIN,2229,0.5650160275413673,1.1640954298308128,0.017749838300992415,-0.09792249569485545,0.032047125338563215,2408,1.417508263415888,0.7762394661037407,0.4899057873485868,-0.8570643173325718,-0.3367306014272796,0.0,False
IWM,L,EQ,2219,-0.24573498632021118,0.9529687928238276,-0.033777267601142524,-0.43504482667205047,0.11359198070019232,2408,0.8199906357337886,-1.20202445987506,0.48580441640378547,-1.0592432986775524,-0.5328095556777115,0.004,False
IWM,L,VOL,2219,-0.5426662297711675,0.9045374710657293,-0.047093636460351695,-0.4344430052906969,0.08259618121677938,2408,0.7157155261884938,-1.930151524650191,0.48580441640378547,-1.252938658762206,-0.7141772455922001,0.014,False
IWM,L,LIN,2219,0.16870315805525368,1.0440186678792418,0.011324251094918747,-0.21266517374663219,0.09150738799670094,2408,1.007018770908072,0.6647801007846649,0.48580441640378547,-0.8392169862160397,-0.33301090192798133,0.0015,False
IWM,U,EQ,2224,-0.1706025935150622,0.9664130689260644,-0.007697218841439146,-0.15414266109127817,0.040493020054084485,2408,0.8955702287516399,-0.29681575973303576,0.4847122302158273,-1.0632949235239388,-0.526333998121144,0.0015,False
IWM,U,VOL,2224,-0.48241475149992263,0.9139633955717332,-0.014274694185268277,-0.16594524007819456,0.02893500627752699,2408,0.7824204618841012,-0.5997431815646893,0.4847122302158273,-1.2569144515751536,-0.718389015333195,0.0055,False
IWM,U,LIN,2224,0.21515269465719497,1.0582607139158828,0.006677865036848196,-0.08293427898379924,0.033545862751253895,2408,1.0385868088615051,0.3101036759771244,0.4847122302158273,-0.8208198482758724,-0.2916760808340843,0.0005,False
XLK,L,EQ,2144,0.26218772899211046,1.0550545387226675,0.023310111733824135,-0.3753705133988088,0.11162926647353935,2408,1.47698958176181,1.3044324484114362,0.503731343283582,-1.208976707743329,-0.6800514007328124,0.0,False
XLK,L,VOL,2144,-0.1325656334702474,0.9745616801880661,-0.013611515593242363,-0.4357924697080271,0.07951391094599745,2408,1.346060837912334,-0.4697915784544765,0.503731343283582,-1.45735976028678,-0.9169990773933132,0.0,False
XLK,L,LIN,2144,0.5537386801673797,1.157239462266508,0.04462440518738253,-0.16834361707023815,0.08541845520209038,2408,1.543698483546899,2.1080831402967504,0.503731343283582,-0.9839607826100282,-0.4702159637947737,0.0,False
XLK,U,EQ,2217,-0.01785185094102235,0.9963377509854688,-0.0014794668952898826,-0.2306517399945167,0.03943411143256639,2408,1.318705111577121,-0.030342094731911004,0.4835363103292738,-1.350006476028793,-0.8288310661918022,0.0005,False
XLK,U,VOL,2217,-0.657413852646691,0.8809339654435796,-0.01852060314484061,-0.28755191860629803,0.02784536845186752,2408,1.0626266987077104,-0.7890092025753328,0.4835363103292738,-1.7260019315998802,-1.1968387814625987,0.0,False
XLK,U,LIN,2217,0.18716722626924562,1.0509698868003468,0.005292955113428421,-0.16185139537125603,0.030721256706424994,2408,1.3031936205620203,0.24783294083658813,0.4835363103292738,-1.108196569822864,-0.5874242980235695,0.0,False
SOXX,L,EQ,2208,0.5124079211726765,1.105089696309232,0.06520661593196708,-0.5344294835168346,0.1432242552342943,2408,1.6840942296691173,3.1760642553368674,0.4936594202898551,-1.1687097687022918,-0.6315753731644201,0.0,False
SOXX,L,VOL,2208,0.19843221607113554,1.0378197338741275,0.011904069107893989,-0.3964847808341271,0.07308166374377767,2408,1.5248758799223872,0.6275921186657254,0.4936594202898551,-1.3249096853427722,-0.7922111781281533,0.0,False
SOXX,L,LIN,2208,0.779202429213377,1.2153312120786066,0.05825040858048691,-0.16062197959376057,0.07640457616664492,2408,1.690326234132941,2.5764786112509395,0.4936594202898551,-0.9036300622675014,-0.38284997177182895,0.0,False
SOXX,U,EQ,2221,-0.15737091769754769,0.9696244934108332,-0.00935503308071639,-0.35231791774451326,0.05135884127677431,2408,1.5107700344877755,-0.3477339369605005,0.4669067987393066,-1.6464944352508015,-1.1374799187298672,0.0,False
SOXX,U,VOL,2221,-0.46040098907944477,0.9165045325107734,-0.012408293724346597,-0.2403177226790847,0.026364504062933808,2408,1.3345384191657408,-0.5222317085677542,0.4669067987393066,-1.7969997046019444,-1.2761079769251882,0.0,False
SOXX,U,LIN,2221,0.1846957974151084,1.0499720289453627,0.005109139525748763,-0.13407020014961823,0.0300353236230604,2408,1.4103494703241493,0.23866938419012973,0.4669067987393066,-1.219004156786633,-0.6637678870572575,0.0,False
