trial_id,phase,hypothesis,variant,params_json,is_start,is_end,is_n_trades,is_sharpe,is_pf,is_cagr,is_maxdd,oos_n_trades,oos_sharpe,oos_pf,notes
1,2,H1-P3b,BASKET4-L-EQ,"{""cost_mult"": 1.5, ""entry"": ""15:01"", ""exit"": ""15:31"", ""instrument"": ""L"", ""month_end_excluded"": true, ""sizing"": ""EQ"", ""slip_bp"": 0.5, ""universe"": ""BASKET4""}",2016-01-04,2025-07-31,8799,-0.4625,0.9062,-0.0493,-0.6199,,,,gross_sharpe=1.601; p_vs_random=0.0000
2,2,H1-P3b,BASKET4-L-VOL,"{""cost_mult"": 1.5, ""entry"": ""15:01"", ""exit"": ""15:31"", ""instrument"": ""L"", ""month_end_excluded"": true, ""sizing"": ""VOL"", ""slip_bp"": 0.5, ""universe"": ""BASKET4""}",2016-01-04,2025-07-31,8799,-1.0441,0.811,-0.067,-0.5887,,,,gross_sharpe=1.422; p_vs_random=0.0000
3,2,H1-P3b,BASKET4-L-LIN,"{""cost_mult"": 1.5, ""entry"": ""15:01"", ""exit"": ""15:31"", ""instrument"": ""L"", ""month_end_excluded"": true, ""sizing"": ""LIN"", ""slip_bp"": 0.5, ""universe"": ""BASKET4""}",2016-01-04,2025-07-31,8799,0.0394,1.0102,0.0001,-0.3101,,,,gross_sharpe=1.573; p_vs_random=0.0000
4,2,H1-P3b,BASKET4-U-EQ,"{""cost_mult"": 1.5, ""entry"": ""15:01"", ""exit"": ""15:31"", ""instrument"": ""U"", ""month_end_excluded"": true, ""sizing"": ""EQ"", ""slip_bp"": 0.5, ""universe"": ""BASKET4""}",2016-01-04,2025-07-31,8891,-0.7461,0.8517,-0.0265,-0.3272,,,,gross_sharpe=1.526; p_vs_random=0.0000
5,2,H1-P3b,BASKET4-U-VOL,"{""cost_mult"": 1.5, ""entry"": ""15:01"", ""exit"": ""15:31"", ""instrument"": ""U"", ""month_end_excluded"": true, ""sizing"": ""VOL"", ""slip_bp"": 0.5, ""universe"": ""BASKET4""}",2016-01-04,2025-07-31,8891,-1.2788,0.7723,-0.029,-0.3006,,,,gross_sharpe=1.313; p_vs_random=0.0000
6,2,H1-P3b,BASKET4-U-LIN,"{""cost_mult"": 1.5, ""entry"": ""15:01"", ""exit"": ""15:31"", ""instrument"": ""U"", ""month_end_excluded"": true, ""sizing"": ""LIN"", ""slip_bp"": 0.5, ""universe"": ""BASKET4""}",2016-01-04,2025-07-31,8891,-0.1461,0.9622,-0.0044,-0.156,,,,gross_sharpe=1.459; p_vs_random=0.0000
7,2,H1-P3b,QQQ-L-EQ,"{""cost_mult"": 1.5, ""entry"": ""15:01"", ""exit"": ""15:31"", ""instrument"": ""L"", ""month_end_excluded"": true, ""sizing"": ""EQ"", ""slip_bp"": 0.5, ""universe"": ""QQQ""}",2016-01-04,2025-07-31,2228,-0.3483,0.9319,-0.0428,-0.5819,,,,gross_sharpe=1.241; p_vs_random=0.0000
8,2,H1-P3b,QQQ-L-VOL,"{""cost_mult"": 1.5, ""entry"": ""15:01"", ""exit"": ""15:31"", ""instrument"": ""L"", ""month_end_excluded"": true, ""sizing"": ""VOL"", ""slip_bp"": 0.5, ""universe"": ""QQQ""}",2016-01-04,2025-07-31,2228,-0.8128,0.8553,-0.0685,-0.6015,,,,gross_sharpe=1.056; p_vs_random=0.0010
9,2,H1-P3b,QQQ-L-LIN,"{""cost_mult"": 1.5, ""entry"": ""15:01"", ""exit"": ""15:31"", ""instrument"": ""L"", ""month_end_excluded"": true, ""sizing"": ""LIN"", ""slip_bp"": 0.5, ""universe"": ""QQQ""}",2016-01-04,2025-07-31,2228,0.1072,1.0285,0.0056,-0.3288,,,,gross_sharpe=1.378; p_vs_random=0.0000
10,2,H1-P3b,QQQ-U-EQ,"{""cost_mult"": 1.5, ""entry"": ""15:01"", ""exit"": ""15:31"", ""instrument"": ""U"", ""month_end_excluded"": true, ""sizing"": ""EQ"", ""slip_bp"": 0.5, ""universe"": ""QQQ""}",2016-01-04,2025-07-31,2229,-0.1053,0.9786,-0.0047,-0.2275,,,,gross_sharpe=1.303; p_vs_random=0.0000
11,2,H1-P3b,QQQ-U-VOL,"{""cost_mult"": 1.5, ""entry"": ""15:01"", ""exit"": ""15:31"", ""instrument"": ""U"", ""month_end_excluded"": true, ""sizing"": ""VOL"", ""slip_bp"": 0.5, ""universe"": ""QQQ""}",2016-01-04,2025-07-31,2229,-0.5734,0.8951,-0.0168,-0.2572,,,,gross_sharpe=1.123; p_vs_random=0.0005
12,2,H1-P3b,QQQ-U-LIN,"{""cost_mult"": 1.5, ""entry"": ""15:01"", ""exit"": ""15:31"", ""instrument"": ""U"", ""month_end_excluded"": true, ""sizing"": ""LIN"", ""slip_bp"": 0.5, ""universe"": ""QQQ""}",2016-01-04,2025-07-31,2229,0.2835,1.0788,0.0086,-0.1291,,,,gross_sharpe=1.418; p_vs_random=0.0000
13,2,H1-P3b,IWM-L-EQ,"{""cost_mult"": 1.5, ""entry"": ""15:01"", ""exit"": ""15:31"", ""instrument"": ""L"", ""month_end_excluded"": true, ""sizing"": ""EQ"", ""slip_bp"": 0.5, ""universe"": ""IWM""}",2016-01-04,2025-07-31,2219,-0.7809,0.8583,-0.0907,-0.6314,,,,gross_sharpe=0.820; p_vs_random=0.0040
14,2,H1-P3b,IWM-L-VOL,"{""cost_mult"": 1.5, ""entry"": ""15:01"", ""exit"": ""15:31"", ""instrument"": ""L"", ""month_end_excluded"": true, ""sizing"": ""VOL"", ""slip_bp"": 0.5, ""universe"": ""IWM""}",2016-01-04,2025-07-31,2219,-1.16,0.8072,-0.0945,-0.6384,,,,gross_sharpe=0.716; p_vs_random=0.0145
15,2,H1-P3b,IWM-L-LIN,"{""cost_mult"": 1.5, ""entry"": ""15:01"", ""exit"": ""15:31"", ""instrument"": ""L"", ""month_end_excluded"": true, ""sizing"": ""LIN"", ""slip_bp"": 0.5, ""universe"": ""IWM""}",2016-01-04,2025-07-31,2219,-0.2564,0.9369,-0.0272,-0.325,,,,gross_sharpe=1.007; p_vs_random=0.0015
16,2,H1-P3b,IWM-U-EQ,"{""cost_mult"": 1.5, ""entry"": ""15:01"", ""exit"": ""15:31"", ""instrument"": ""U"", ""month_end_excluded"": true, ""sizing"": ""EQ"", ""slip_bp"": 0.5, ""universe"": ""IWM""}",2016-01-04,2025-07-31,2224,-0.5252,0.9004,-0.0218,-0.2254,,,,gross_sharpe=0.896; p_vs_random=0.0015
17,2,H1-P3b,IWM-U-VOL,"{""cost_mult"": 1.5, ""entry"": ""15:01"", ""exit"": ""15:31"", ""instrument"": ""U"", ""month_end_excluded"": true, ""sizing"": ""VOL"", ""slip_bp"": 0.5, ""universe"": ""IWM""}",2016-01-04,2025-07-31,2224,-0.8851,0.8479,-0.0257,-0.242,,,,gross_sharpe=0.782; p_vs_random=0.0055
18,2,H1-P3b,IWM-U-LIN,"{""cost_mult"": 1.5, ""entry"": ""15:01"", ""exit"": ""15:31"", ""instrument"": ""U"", ""month_end_excluded"": true, ""sizing"": ""LIN"", ""slip_bp"": 0.5, ""universe"": ""IWM""}",2016-01-04,2025-07-31,2224,-0.0612,0.9841,-0.0026,-0.1047,,,,gross_sharpe=1.039; p_vs_random=0.0005
19,2,H1-P3b,XLK-L-EQ,"{""cost_mult"": 1.5, ""entry"": ""15:01"", ""exit"": ""15:31"", ""instrument"": ""L"", ""month_end_excluded"": true, ""sizing"": ""EQ"", ""slip_bp"": 0.5, ""universe"": ""XLK""}",2016-01-04,2025-07-31,2144,-0.3612,0.9291,-0.0455,-0.5883,,,,gross_sharpe=1.477; p_vs_random=0.0000
20,2,H1-P3b,XLK-L-VOL,"{""cost_mult"": 1.5, ""entry"": ""15:01"", ""exit"": ""15:31"", ""instrument"": ""L"", ""month_end_excluded"": true, ""sizing"": ""VOL"", ""slip_bp"": 0.5, ""universe"": ""XLK""}",2016-01-04,2025-07-31,2144,-0.8624,0.8458,-0.0695,-0.6179,,,,gross_sharpe=1.346; p_vs_random=0.0000
21,2,H1-P3b,XLK-L-LIN,"{""cost_mult"": 1.5, ""entry"": ""15:01"", ""exit"": ""15:31"", ""instrument"": ""L"", ""month_end_excluded"": true, ""sizing"": ""LIN"", ""slip_bp"": 0.5, ""universe"": ""XLK""}",2016-01-04,2025-07-31,2144,0.0508,1.0134,0.0007,-0.3063,,,,gross_sharpe=1.544; p_vs_random=0.0000
22,2,H1-P3b,XLK-U-EQ,"{""cost_mult"": 1.5, ""entry"": ""15:01"", ""exit"": ""15:31"", ""instrument"": ""U"", ""month_end_excluded"": true, ""sizing"": ""EQ"", ""slip_bp"": 0.5, ""universe"": ""XLK""}",2016-01-04,2025-07-31,2217,-0.4842,0.9056,-0.0197,-0.3173,,,,gross_sharpe=1.319; p_vs_random=0.0005
23,2,H1-P3b,XLK-U-VOL,"{""cost_mult"": 1.5, ""entry"": ""15:01"", ""exit"": ""15:31"", ""instrument"": ""U"", ""month_end_excluded"": true, ""sizing"": ""VOL"", ""slip_bp"": 0.5, ""universe"": ""XLK""}",2016-01-04,2025-07-31,2217,-1.2328,0.7887,-0.0342,-0.3664,,,,gross_sharpe=1.063; p_vs_random=0.0000
24,2,H1-P3b,XLK-U-LIN,"{""cost_mult"": 1.5, ""entry"": ""15:01"", ""exit"": ""15:31"", ""instrument"": ""U"", ""month_end_excluded"": true, ""sizing"": ""LIN"", ""slip_bp"": 0.5, ""universe"": ""XLK""}",2016-01-04,2025-07-31,2217,-0.2103,0.9459,-0.0069,-0.2183,,,,gross_sharpe=1.303; p_vs_random=0.0000
25,2,H1-P3b,SOXX-L-EQ,"{""cost_mult"": 1.5, ""entry"": ""15:01"", ""exit"": ""15:31"", ""instrument"": ""L"", ""month_end_excluded"": true, ""sizing"": ""EQ"", ""slip_bp"": 0.5, ""universe"": ""SOXX""}",2016-01-04,2025-07-31,2208,-0.1119,0.9785,-0.0259,-0.7224,,,,gross_sharpe=1.684; p_vs_random=0.0000
26,2,H1-P3b,SOXX-L-VOL,"{""cost_mult"": 1.5, ""entry"": ""15:01"", ""exit"": ""15:31"", ""instrument"": ""L"", ""month_end_excluded"": true, ""sizing"": ""VOL"", ""slip_bp"": 0.5, ""universe"": ""SOXX""}",2016-01-04,2025-07-31,2208,-0.5019,0.9107,-0.0386,-0.5674,,,,gross_sharpe=1.525; p_vs_random=0.0000
27,2,H1-P3b,SOXX-L-LIN,"{""cost_mult"": 1.5, ""entry"": ""15:01"", ""exit"": ""15:31"", ""instrument"": ""L"", ""month_end_excluded"": true, ""sizing"": ""LIN"", ""slip_bp"": 0.5, ""universe"": ""SOXX""}",2016-01-04,2025-07-31,2208,0.2805,1.0723,0.0187,-0.3365,,,,gross_sharpe=1.690; p_vs_random=0.0000
28,2,H1-P3b,SOXX-U-EQ,"{""cost_mult"": 1.5, ""entry"": ""15:01"", ""exit"": ""15:31"", ""instrument"": ""U"", ""month_end_excluded"": true, ""sizing"": ""EQ"", ""slip_bp"": 0.5, ""universe"": ""SOXX""}",2016-01-04,2025-07-31,2221,-1.1674,0.7957,-0.0602,-0.5135,,,,gross_sharpe=1.511; p_vs_random=0.0000
29,2,H1-P3b,SOXX-U-VOL,"{""cost_mult"": 1.5, ""entry"": ""15:01"", ""exit"": ""15:31"", ""instrument"": ""U"", ""month_end_excluded"": true, ""sizing"": ""VOL"", ""slip_bp"": 0.5, ""universe"": ""SOXX""}",2016-01-04,2025-07-31,2221,-1.5038,0.752,-0.0397,-0.3588,,,,gross_sharpe=1.335; p_vs_random=0.0000
30,2,H1-P3b,SOXX-U-LIN,"{""cost_mult"": 1.5, ""entry"": ""15:01"", ""exit"": ""15:31"", ""instrument"": ""U"", ""month_end_excluded"": true, ""sizing"": ""LIN"", ""slip_bp"": 0.5, ""universe"": ""SOXX""}",2016-01-04,2025-07-31,2221,-0.5487,0.8644,-0.0171,-0.246,,,,gross_sharpe=1.410; p_vs_random=0.0000
31,2-postmortem,H1-P3b,BASKET4-U-EQ-halfspread,"{""cost_mult"": 1.0, ""entry"": ""15:01"", ""exit"": ""15:31"", ""instrument"": ""U"", ""sizing"": ""EQ"", ""slip_bp"": 0.0, ""universe"": ""BASKET4""}",,,8891,0.4541,1.1039,0.0155,-0.1379,,,,cost sensitivity only; not eligible for selection
32,2-postmortem,H1-P3b,BASKET4-U-LIN-halfspread,"{""cost_mult"": 1.0, ""entry"": ""15:01"", ""exit"": ""15:31"", ""instrument"": ""U"", ""sizing"": ""LIN"", ""slip_bp"": 0.0, ""universe"": ""BASKET4""}",,,8891,0.7177,1.2099,0.0198,-0.0743,,,,cost sensitivity only; not eligible for selection
33,2-postmortem,H1-P3b,BASKET4-L-EQ-halfspread,"{""cost_mult"": 1.0, ""entry"": ""15:01"", ""exit"": ""15:31"", ""instrument"": ""L"", ""sizing"": ""EQ"", ""slip_bp"": 0.0, ""universe"": ""BASKET4""}",,,8799,0.3825,1.0856,0.0335,-0.379,,,,cost sensitivity only; not eligible for selection
34,2-postmortem,H1-P3b,BASKET4-L-LIN-halfspread,"{""cost_mult"": 1.0, ""entry"": ""15:01"", ""exit"": ""15:31"", ""instrument"": ""L"", ""sizing"": ""LIN"", ""slip_bp"": 0.0, ""universe"": ""BASKET4""}",,,8799,0.674,1.1901,0.0493,-0.1535,,,,cost sensitivity only; not eligible for selection
35,2-postmortem,H1-P3b,QQQ-U-EQ-halfspread,"{""cost_mult"": 1.0, ""entry"": ""15:01"", ""exit"": ""15:31"", ""instrument"": ""U"", ""sizing"": ""EQ"", ""slip_bp"": 0.0, ""universe"": ""QQQ""}",,,2229,0.7745,1.1729,0.0292,-0.1055,,,,cost sensitivity only; not eligible for selection
36,2-postmortem,H1-P3b,QQQ-U-LIN-halfspread,"{""cost_mult"": 1.0, ""entry"": ""15:01"", ""exit"": ""15:31"", ""instrument"": ""U"", ""sizing"": ""LIN"", ""slip_bp"": 0.0, ""universe"": ""QQQ""}",,,2229,0.9856,1.3036,0.0316,-0.0741,,,,cost sensitivity only; not eligible for selection
37,2-postmortem,H1-P3b,QQQ-L-EQ-halfspread,"{""cost_mult"": 1.0, ""entry"": ""15:01"", ""exit"": ""15:31"", ""instrument"": ""L"", ""sizing"": ""EQ"", ""slip_bp"": 0.0, ""universe"": ""QQQ""}",,,2228,0.3255,1.0683,0.0299,-0.364,,,,cost sensitivity only; not eligible for selection
38,2-postmortem,H1-P3b,QQQ-L-LIN-halfspread,"{""cost_mult"": 1.0, ""entry"": ""15:01"", ""exit"": ""15:31"", ""instrument"": ""L"", ""sizing"": ""LIN"", ""slip_bp"": 0.0, ""universe"": ""QQQ""}",,,2228,0.6487,1.1855,0.0554,-0.2193,,,,cost sensitivity only; not eligible for selection
39,2-postmortem,H1-P3b,SOXX-U-EQ-halfspread,"{""cost_mult"": 1.0, ""entry"": ""15:01"", ""exit"": ""15:31"", ""instrument"": ""U"", ""sizing"": ""EQ"", ""slip_bp"": 0.0, ""universe"": ""SOXX""}",,,2221,0.0156,1.0031,-0.0005,-0.3139,,,,cost sensitivity only; not eligible for selection
40,2-postmortem,H1-P3b,SOXX-U-LIN-halfspread,"{""cost_mult"": 1.0, ""entry"": ""15:01"", ""exit"": ""15:31"", ""instrument"": ""U"", ""sizing"": ""LIN"", ""slip_bp"": 0.0, ""universe"": ""SOXX""}",,,2221,0.3108,1.0857,0.009,-0.1091,,,,cost sensitivity only; not eligible for selection
41,2-postmortem,H1-P3b,SOXX-L-EQ-halfspread,"{""cost_mult"": 1.0, ""entry"": ""15:01"", ""exit"": ""15:31"", ""instrument"": ""L"", ""sizing"": ""EQ"", ""slip_bp"": 0.0, ""universe"": ""SOXX""}",,,2208,0.5957,1.1232,0.078,-0.5064,,,,cost sensitivity only; not eligible for selection
42,2-postmortem,H1-P3b,SOXX-L-LIN-halfspread,"{""cost_mult"": 1.0, ""entry"": ""15:01"", ""exit"": ""15:31"", ""instrument"": ""L"", ""sizing"": ""LIN"", ""slip_bp"": 0.0, ""universe"": ""SOXX""}",,,2208,0.8406,1.2341,0.0632,-0.1465,,,,cost sensitivity only; not eligible for selection
43,2-postmortem,H1-P3b+|z|>=1,BASKET4-L-EQ-z1,"{""cost_mult"": 1.5, ""instrument"": ""L"", ""sizing"": ""EQ"", ""slip_bp"": 0.5, ""universe"": ""BASKET4"", ""z_min"": 1.0}",,,2346,0.7532,1.2859,0.0438,-0.0829,,,,"diagnostic only; not eligible (Phase 2 failed, no pivots left)"
44,2-postmortem,H1-P3b+|z|>=1,BASKET4-L-LIN-z1,"{""cost_mult"": 1.5, ""instrument"": ""L"", ""sizing"": ""LIN"", ""slip_bp"": 0.5, ""universe"": ""BASKET4"", ""z_min"": 1.0}",,,2346,0.4419,1.1619,0.0278,-0.1355,,,,"diagnostic only; not eligible (Phase 2 failed, no pivots left)"
45,2-postmortem,H1-P3b+|z|>=1,SOXX-L-EQ-z1,"{""cost_mult"": 1.5, ""instrument"": ""L"", ""sizing"": ""EQ"", ""slip_bp"": 0.5, ""universe"": ""SOXX"", ""z_min"": 1.0}",,,596,0.7835,1.3422,0.0659,-0.1601,,,,"diagnostic only; not eligible (Phase 2 failed, no pivots left)"
46,2-postmortem,H1-P3b+|z|>=1,QQQ-U-EQ-z1,"{""cost_mult"": 1.5, ""instrument"": ""U"", ""sizing"": ""EQ"", ""slip_bp"": 0.5, ""universe"": ""QQQ"", ""z_min"": 1.0}",,,584,0.7993,1.3764,0.0182,-0.0355,,,,"diagnostic only; not eligible (Phase 2 failed, no pivots left)"
47,2-postmortem,H1-P3b+|z|>=1,BASKET4-U-EQ-z1,"{""cost_mult"": 1.5, ""instrument"": ""U"", ""sizing"": ""EQ"", ""slip_bp"": 0.5, ""universe"": ""BASKET4"", ""z_min"": 1.0}",,,2356,0.5255,1.1968,0.0115,-0.0482,,,,"diagnostic only; not eligible (Phase 2 failed, no pivots left)"
48,2-postmortem,H1-P3b+|z|,BASKET4-L-EQ-z0.5,"{""cost_mult"": 1.5, ""instrument"": ""L"", ""sizing"": ""EQ"", ""slip_bp"": 0.5, ""universe"": ""BASKET4"", ""z_min"": 0.5}",,,4792,0.3679,1.0971,0.027,-0.3201,,,,heatmap cell; diagnostic only
49,2-postmortem,H1-P3b+|z|,BASKET4-L-EQ-z1.5,"{""cost_mult"": 1.5, ""instrument"": ""L"", ""sizing"": ""EQ"", ""slip_bp"": 0.5, ""universe"": ""BASKET4"", ""z_min"": 1.5}",,,1070,0.6408,1.3893,0.0286,-0.0818,,,,heatmap cell; diagnostic only
50,2-postmortem,H1-P3b+|z|,BASKET4-L-EQ-z2.0,"{""cost_mult"": 1.5, ""instrument"": ""L"", ""sizing"": ""EQ"", ""slip_bp"": 0.5, ""universe"": ""BASKET4"", ""z_min"": 2.0}",,,447,0.4528,1.4409,0.0158,-0.0722,,,,heatmap cell; diagnostic only
51,2-corrected,H1-P3b,BASKET4-L-EQ,"{""cost_mult"": 0.8, ""entry"": ""15:01"", ""exit"": ""15:31"", ""instrument"": ""L"", ""month_end_excluded"": true, ""sizing"": ""EQ"", ""slip_bp"": 0.5, ""universe"": ""BASKET4""}",2016-01-04,2025-07-31,8799,0.2365,1.0521,0.0187,-0.4269,,,,gross_sharpe=1.601; p_vs_random=0.0000
52,2-corrected,H1-P3b,BASKET4-L-VOL,"{""cost_mult"": 0.8, ""entry"": ""15:01"", ""exit"": ""15:31"", ""instrument"": ""L"", ""month_end_excluded"": true, ""sizing"": ""VOL"", ""slip_bp"": 0.5, ""universe"": ""BASKET4""}",2016-01-04,2025-07-31,8799,-0.2269,0.9553,-0.0165,-0.4181,,,,gross_sharpe=1.422; p_vs_random=0.0000
53,2-corrected,H1-P3b,BASKET4-L-LIN,"{""cost_mult"": 0.8, ""entry"": ""15:01"", ""exit"": ""15:31"", ""instrument"": ""L"", ""month_end_excluded"": true, ""sizing"": ""LIN"", ""slip_bp"": 0.5, ""universe"": ""BASKET4""}",2016-01-04,2025-07-31,8799,0.5604,1.1557,0.0403,-0.1668,,,,gross_sharpe=1.573; p_vs_random=0.0000
54,2-corrected,H1-P3b,BASKET4-U-EQ,"{""cost_mult"": 0.8, ""entry"": ""15:01"", ""exit"": ""15:31"", ""instrument"": ""U"", ""month_end_excluded"": true, ""sizing"": ""EQ"", ""slip_bp"": 0.5, ""universe"": ""BASKET4""}",2016-01-04,2025-07-31,8891,-0.0479,0.9897,-0.0023,-0.2242,,,,gross_sharpe=1.526; p_vs_random=0.0000
55,2-corrected,H1-P3b,BASKET4-U-VOL,"{""cost_mult"": 0.8, ""entry"": ""15:01"", ""exit"": ""15:31"", ""instrument"": ""U"", ""month_end_excluded"": true, ""sizing"": ""VOL"", ""slip_bp"": 0.5, ""universe"": ""BASKET4""}",2016-01-04,2025-07-31,8891,-0.545,0.8951,-0.0126,-0.2192,,,,gross_sharpe=1.313; p_vs_random=0.0000
56,2-corrected,H1-P3b,BASKET4-U-LIN,"{""cost_mult"": 0.8, ""entry"": ""15:01"", ""exit"": ""15:31"", ""instrument"": ""U"", ""month_end_excluded"": true, ""sizing"": ""LIN"", ""slip_bp"": 0.5, ""universe"": ""BASKET4""}",2016-01-04,2025-07-31,8891,0.3289,1.0911,0.0088,-0.1037,,,,gross_sharpe=1.459; p_vs_random=0.0000
57,2-corrected,H1-P3b,QQQ-L-EQ,"{""cost_mult"": 0.8, ""entry"": ""15:01"", ""exit"": ""15:31"", ""instrument"": ""L"", ""month_end_excluded"": true, ""sizing"": ""EQ"", ""slip_bp"": 0.5, ""universe"": ""QQQ""}",2016-01-04,2025-07-31,2228,0.1735,1.0359,0.013,-0.4196,,,,gross_sharpe=1.241; p_vs_random=0.0000
58,2-corrected,H1-P3b,QQQ-L-VOL,"{""cost_mult"": 0.8, ""entry"": ""15:01"", ""exit"": ""15:31"", ""instrument"": ""L"", ""month_end_excluded"": true, ""sizing"": ""VOL"", ""slip_bp"": 0.5, ""universe"": ""QQQ""}",2016-01-04,2025-07-31,2228,-0.2107,0.9603,-0.0207,-0.4637,,,,gross_sharpe=1.056; p_vs_random=0.0010
59,2-corrected,H1-P3b,QQQ-L-LIN,"{""cost_mult"": 0.8, ""entry"": ""15:01"", ""exit"": ""15:31"", ""instrument"": ""L"", ""month_end_excluded"": true, ""sizing"": ""LIN"", ""slip_bp"": 0.5, ""universe"": ""QQQ""}",2016-01-04,2025-07-31,2228,0.53,1.1493,0.0443,-0.2363,,,,gross_sharpe=1.378; p_vs_random=0.0000
60,2-corrected,H1-P3b,QQQ-U-EQ,"{""cost_mult"": 0.8, ""entry"": ""15:01"", ""exit"": ""15:31"", ""instrument"": ""U"", ""month_end_excluded"": true, ""sizing"": ""EQ"", ""slip_bp"": 0.5, ""universe"": ""QQQ""}",2016-01-04,2025-07-31,2229,0.2343,1.0494,0.0082,-0.1782,,,,gross_sharpe=1.303; p_vs_random=0.0000
61,2-corrected,H1-P3b,QQQ-U-VOL,"{""cost_mult"": 0.8, ""entry"": ""15:01"", ""exit"": ""15:31"", ""instrument"": ""U"", ""month_end_excluded"": true, ""sizing"": ""VOL"", ""slip_bp"": 0.5, ""universe"": ""QQQ""}",2016-01-04,2025-07-31,2229,-0.1825,0.9653,-0.0057,-0.2112,,,,gross_sharpe=1.123; p_vs_random=0.0005
62,2-corrected,H1-P3b,QQQ-U-LIN,"{""cost_mult"": 0.8, ""entry"": ""15:01"", ""exit"": ""15:31"", ""instrument"": ""U"", ""month_end_excluded"": true, ""sizing"": ""LIN"", ""slip_bp"": 0.5, ""universe"": ""QQQ""}",2016-01-04,2025-07-31,2229,0.565,1.1641,0.0177,-0.0979,,,,gross_sharpe=1.418; p_vs_random=0.0000
63,2-corrected,H1-P3b,IWM-L-EQ,"{""cost_mult"": 0.8, ""entry"": ""15:01"", ""exit"": ""15:31"", ""instrument"": ""L"", ""month_end_excluded"": true, ""sizing"": ""EQ"", ""slip_bp"": 0.5, ""universe"": ""IWM""}",2016-01-04,2025-07-31,2219,-0.2457,0.953,-0.0338,-0.435,,,,gross_sharpe=0.820; p_vs_random=0.0040
64,2-corrected,H1-P3b,IWM-L-VOL,"{""cost_mult"": 0.8, ""entry"": ""15:01"", ""exit"": ""15:31"", ""instrument"": ""L"", ""month_end_excluded"": true, ""sizing"": ""VOL"", ""slip_bp"": 0.5, ""universe"": ""IWM""}",2016-01-04,2025-07-31,2219,-0.5427,0.9045,-0.0471,-0.4344,,,,gross_sharpe=0.716; p_vs_random=0.0140
65,2-corrected,H1-P3b,IWM-L-LIN,"{""cost_mult"": 0.8, ""entry"": ""15:01"", ""exit"": ""15:31"", ""instrument"": ""L"", ""month_end_excluded"": true, ""sizing"": ""LIN"", ""slip_bp"": 0.5, ""universe"": ""IWM""}",2016-01-04,2025-07-31,2219,0.1687,1.044,0.0113,-0.2127,,,,gross_sharpe=1.007; p_vs_random=0.0015
66,2-corrected,H1-P3b,IWM-U-EQ,"{""cost_mult"": 0.8, ""entry"": ""15:01"", ""exit"": ""15:31"", ""instrument"": ""U"", ""month_end_excluded"": true, ""sizing"": ""EQ"", ""slip_bp"": 0.5, ""universe"": ""IWM""}",2016-01-04,2025-07-31,2224,-0.1706,0.9664,-0.0077,-0.1541,,,,gross_sharpe=0.896; p_vs_random=0.0015
67,2-corrected,H1-P3b,IWM-U-VOL,"{""cost_mult"": 0.8, ""entry"": ""15:01"", ""exit"": ""15:31"", ""instrument"": ""U"", ""month_end_excluded"": true, ""sizing"": ""VOL"", ""slip_bp"": 0.5, ""universe"": ""IWM""}",2016-01-04,2025-07-31,2224,-0.4824,0.914,-0.0143,-0.1659,,,,gross_sharpe=0.782; p_vs_random=0.0055
68,2-corrected,H1-P3b,IWM-U-LIN,"{""cost_mult"": 0.8, ""entry"": ""15:01"", ""exit"": ""15:31"", ""instrument"": ""U"", ""month_end_excluded"": true, ""sizing"": ""LIN"", ""slip_bp"": 0.5, ""universe"": ""IWM""}",2016-01-04,2025-07-31,2224,0.2152,1.0583,0.0067,-0.0829,,,,gross_sharpe=1.039; p_vs_random=0.0005
69,2-corrected,H1-P3b,XLK-L-EQ,"{""cost_mult"": 0.8, ""entry"": ""15:01"", ""exit"": ""15:31"", ""instrument"": ""L"", ""month_end_excluded"": true, ""sizing"": ""EQ"", ""slip_bp"": 0.5, ""universe"": ""XLK""}",2016-01-04,2025-07-31,2144,0.2622,1.0551,0.0233,-0.3754,,,,gross_sharpe=1.477; p_vs_random=0.0000
70,2-corrected,H1-P3b,XLK-L-VOL,"{""cost_mult"": 0.8, ""entry"": ""15:01"", ""exit"": ""15:31"", ""instrument"": ""L"", ""month_end_excluded"": true, ""sizing"": ""VOL"", ""slip_bp"": 0.5, ""universe"": ""XLK""}",2016-01-04,2025-07-31,2144,-0.1326,0.9746,-0.0136,-0.4358,,,,gross_sharpe=1.346; p_vs_random=0.0000
71,2-corrected,H1-P3b,XLK-L-LIN,"{""cost_mult"": 0.8, ""entry"": ""15:01"", ""exit"": ""15:31"", ""instrument"": ""L"", ""month_end_excluded"": true, ""sizing"": ""LIN"", ""slip_bp"": 0.5, ""universe"": ""XLK""}",2016-01-04,2025-07-31,2144,0.5537,1.1572,0.0446,-0.1683,,,,gross_sharpe=1.544; p_vs_random=0.0000
72,2-corrected,H1-P3b,XLK-U-EQ,"{""cost_mult"": 0.8, ""entry"": ""15:01"", ""exit"": ""15:31"", ""instrument"": ""U"", ""month_end_excluded"": true, ""sizing"": ""EQ"", ""slip_bp"": 0.5, ""universe"": ""XLK""}",2016-01-04,2025-07-31,2217,-0.0179,0.9963,-0.0015,-0.2307,,,,gross_sharpe=1.319; p_vs_random=0.0005
73,2-corrected,H1-P3b,XLK-U-VOL,"{""cost_mult"": 0.8, ""entry"": ""15:01"", ""exit"": ""15:31"", ""instrument"": ""U"", ""month_end_excluded"": true, ""sizing"": ""VOL"", ""slip_bp"": 0.5, ""universe"": ""XLK""}",2016-01-04,2025-07-31,2217,-0.6574,0.8809,-0.0185,-0.2876,,,,gross_sharpe=1.063; p_vs_random=0.0000
74,2-corrected,H1-P3b,XLK-U-LIN,"{""cost_mult"": 0.8, ""entry"": ""15:01"", ""exit"": ""15:31"", ""instrument"": ""U"", ""month_end_excluded"": true, ""sizing"": ""LIN"", ""slip_bp"": 0.5, ""universe"": ""XLK""}",2016-01-04,2025-07-31,2217,0.1872,1.051,0.0053,-0.1619,,,,gross_sharpe=1.303; p_vs_random=0.0000
75,2-corrected,H1-P3b,SOXX-L-EQ,"{""cost_mult"": 0.8, ""entry"": ""15:01"", ""exit"": ""15:31"", ""instrument"": ""L"", ""month_end_excluded"": true, ""sizing"": ""EQ"", ""slip_bp"": 0.5, ""universe"": ""SOXX""}",2016-01-04,2025-07-31,2208,0.5124,1.1051,0.0652,-0.5344,,,,gross_sharpe=1.684; p_vs_random=0.0000
76,2-corrected,H1-P3b,SOXX-L-VOL,"{""cost_mult"": 0.8, ""entry"": ""15:01"", ""exit"": ""15:31"", ""instrument"": ""L"", ""month_end_excluded"": true, ""sizing"": ""VOL"", ""slip_bp"": 0.5, ""universe"": ""SOXX""}",2016-01-04,2025-07-31,2208,0.1984,1.0378,0.0119,-0.3965,,,,gross_sharpe=1.525; p_vs_random=0.0000
77,2-corrected,H1-P3b,SOXX-L-LIN,"{""cost_mult"": 0.8, ""entry"": ""15:01"", ""exit"": ""15:31"", ""instrument"": ""L"", ""month_end_excluded"": true, ""sizing"": ""LIN"", ""slip_bp"": 0.5, ""universe"": ""SOXX""}",2016-01-04,2025-07-31,2208,0.7792,1.2153,0.0583,-0.1606,,,,gross_sharpe=1.690; p_vs_random=0.0000
78,2-corrected,H1-P3b,SOXX-U-EQ,"{""cost_mult"": 0.8, ""entry"": ""15:01"", ""exit"": ""15:31"", ""instrument"": ""U"", ""month_end_excluded"": true, ""sizing"": ""EQ"", ""slip_bp"": 0.5, ""universe"": ""SOXX""}",2016-01-04,2025-07-31,2221,-0.1574,0.9696,-0.0094,-0.3523,,,,gross_sharpe=1.511; p_vs_random=0.0000
79,2-corrected,H1-P3b,SOXX-U-VOL,"{""cost_mult"": 0.8, ""entry"": ""15:01"", ""exit"": ""15:31"", ""instrument"": ""U"", ""month_end_excluded"": true, ""sizing"": ""VOL"", ""slip_bp"": 0.5, ""universe"": ""SOXX""}",2016-01-04,2025-07-31,2221,-0.4604,0.9165,-0.0124,-0.2403,,,,gross_sharpe=1.335; p_vs_random=0.0000
80,2-corrected,H1-P3b,SOXX-U-LIN,"{""cost_mult"": 0.8, ""entry"": ""15:01"", ""exit"": ""15:31"", ""instrument"": ""U"", ""month_end_excluded"": true, ""sizing"": ""LIN"", ""slip_bp"": 0.5, ""universe"": ""SOXX""}",2016-01-04,2025-07-31,2221,0.1847,1.05,0.0051,-0.1341,,,,gross_sharpe=1.410; p_vs_random=0.0000
81,2-postmortem,H1-P3b+|z|,BASKET4-L-EQ-z1.0-corrcost,"{""cost_mult"": 0.8, ""instrument"": ""L"", ""sizing"": ""EQ"", ""slip_bp"": 0.5, ""universe"": ""BASKET4"", ""z_min"": 1.0}",,,2346,1.0743,1.4342,0.0643,-0.0728,,,,diagnostic only; not eligible
82,2-postmortem,H1-P3b+|z|,BASKET4-L-LIN-z1.0-corrcost,"{""cost_mult"": 0.8, ""instrument"": ""L"", ""sizing"": ""LIN"", ""slip_bp"": 0.5, ""universe"": ""BASKET4"", ""z_min"": 1.0}",,,2346,0.7911,1.3096,0.0525,-0.0961,,,,diagnostic only; not eligible
83,2-postmortem,H1-P3b+|z|,SOXX-L-EQ-z1.0-corrcost,"{""cost_mult"": 0.8, ""instrument"": ""L"", ""sizing"": ""EQ"", ""slip_bp"": 0.5, ""universe"": ""SOXX"", ""z_min"": 1.0}",,,596,1.0705,1.4983,0.0931,-0.1335,,,,diagnostic only; not eligible
84,2-postmortem,H1-P3b+|z|,BASKET4-L-EQ-z0.5-corrcost,"{""cost_mult"": 0.8, ""instrument"": ""L"", ""sizing"": ""EQ"", ""slip_bp"": 0.5, ""universe"": ""BASKET4"", ""z_min"": 0.5}",,,4792,0.8377,1.2359,0.0673,-0.1893,,,,diagnostic only; not eligible
