sym,tf,date,raw_gap,ratio,corrected_gap
SOXL,1m,2016-12-20,-0.012,0.9553,0.0342
SOXL,1m,2021-03-02,-0.9327,0.0667,0.0103
SOXS,1m,2017-05-01,3.9413,5.0,-0.0117
SOXS,1m,2019-06-28,8.7267,9.9612,-0.0235
SOXS,1m,2020-08-28,10.8843,12.0,-0.0096
SOXS,1m,2022-03-28,9.2722,10.0,0.0272
SOXS,1m,2024-04-15,8.608,10.0,-0.0392
SOXX,5m,2024-03-07,-0.6624,0.3333,0.0127
SOXX,1m,2024-03-07,-0.6624,0.3333,0.0127
TQQQ,1m,2017-01-12,-0.5049,0.5001,-0.0101
TQQQ,1m,2018-05-24,-0.6668,0.3334,-0.0006
TQQQ,1m,2021-01-21,-0.4934,0.5004,0.0123
TQQQ,1m,2022-01-13,-0.4949,0.4984,0.0135
SQQQ,1m,2017-01-12,3.0376,4.0,0.0094
SQQQ,1m,2019-05-24,2.9351,4.0029,-0.0169
SQQQ,1m,2020-08-18,3.9319,4.9906,-0.0117
SQQQ,1m,2022-01-13,3.948,5.0039,-0.0112
SQQQ,1m,2024-11-07,3.9158,4.9966,-0.0162
TNA,1m,2017-05-01,-0.4935,0.4999,0.0131
TZA,1m,2019-06-28,3.9704,4.9947,-0.0049
TZA,1m,2021-03-02,7.0262,8.0001,0.0033
TECL,1m,2021-03-02,-0.8994,0.1,0.0058
TECS,1m,2018-03-29,3.815,5.0,-0.037
TECS,1m,2020-04-23,8.9333,10.0,-0.0067
TECS,1m,2021-10-25,8.8734,10.0,-0.0127
TECS,1m,2024-11-04,8.9724,9.9999,-0.0027
SDOW,1m,2024-11-07,2.9907,3.9994,-0.0022
SDOW,1m,2024-12-23,-0.014,0.9582,0.029
LABU,5m,2023-12-04,18.6881,19.9981,-0.0155
LABD,5m,2020-08-28,18.8113,20.0002,-0.0094
NVDL,1m,2023-12-27,-0.0948,0.8984,0.0076
NVDL,1m,2024-03-13,-0.8363,0.1666,-0.0172
NVDS,1m,2022-12-27,-0.0447,0.9477,0.0081
NVDS,1m,2023-08-15,3.8894,5.0001,-0.0221
NVDS,1m,2023-12-26,-0.128,0.8744,-0.0027
NVDS,1m,2024-04-03,4.0725,4.9998,0.0145
NVDS,1m,2024-12-23,-0.1356,0.8757,-0.0129
NVDA,1m,2021-07-20,-0.7507,0.2504,-0.0043
NVDA,1m,2024-06-10,-0.9004,0.0999,-0.0033
