sym,tf,first,last,days,half_days,days_missing_gt5pct,median_missing,auction_close_pct,no_open_0930,no_p1500,no_p1530,oc_vs_daily_med_bp,oc_vs_daily_gt50bp,daily_rows_missing_intraday,splits,secs
SOXL,1m,2016-01-04,2025-07-31,2408,19,1040,5.0,96.9,1,0,0,1.7,31,0,2,11.9
SOXS,1m,2016-01-04,2025-07-31,2408,19,787,2.0,94.6,13,3,0,0.0,9,0,5,12.1
SOXX,5m,2016-01-04,2025-07-31,2408,19,37,0.0,99.3,1,2,2,0.71,7,0,1,1.2
SOXX,1m,2023-01-03,2025-07-31,646,6,159,2.0,99.1,0,0,0,0.35,0,0,1,3.2
TQQQ,1m,2016-01-04,2025-07-31,2408,19,86,0.0,99.5,0,2,2,3.0,2,0,4,10.8
SQQQ,1m,2016-01-04,2025-07-31,2408,19,80,0.0,99.5,0,2,2,0.25,1,0,5,11.5
QQQ,1m,2016-01-04,2025-07-31,2408,19,3,0.0,99.5,0,2,2,1.13,1,0,0,12.0
TNA,1m,2016-01-04,2025-07-31,2408,19,34,0.0,99.4,0,0,0,1.18,8,0,1,6.2
TZA,1m,2016-01-04,2025-07-31,2408,19,19,0.0,99.2,0,0,0,0.06,5,0,2,6.1
IWM,1m,2016-01-04,2025-07-31,2408,19,1,0.0,99.4,0,0,0,0.84,1,0,0,6.7
TECL,1m,2016-01-04,2025-07-31,2408,19,1537,60.0,84.9,3,4,3,0.85,6,0,1,3.9
TECS,1m,2016-01-04,2025-07-31,2408,19,1642,67.0,75.9,62,32,19,0.0,10,0,4,3.8
XLK,1m,2016-01-04,2025-07-31,2408,19,1,0.0,99.3,0,0,0,0.7,1,0,0,6.5
UDOW,1m,2022-01-03,2025-07-31,897,7,82,1.0,99.2,0,0,0,15.44,99,0,0,2.2
SDOW,1m,2022-01-03,2025-07-31,897,7,21,0.0,99.1,0,0,0,17.14,120,0,2,2.9
DIA,1m,2022-01-03,2025-07-31,897,7,0,0.0,99.3,0,0,0,3.32,1,0,0,2.7
LABU,5m,2020-01-02,2025-07-31,1402,10,0,0.0,99.6,0,0,0,0.26,28,0,1,0.8
LABD,5m,2020-01-02,2025-07-31,1402,10,0,0.0,99.5,0,0,0,0.25,26,0,1,0.7
XBI,5m,2020-01-02,2025-07-31,1402,10,0,0.0,99.4,0,0,0,0.47,2,0,0,0.7
NVDL,1m,2022-12-13,2025-07-31,657,6,282,0.0,79.9,41,25,25,2.23,2,2,2,1.9
NVDS,1m,2022-12-01,2025-07-31,667,6,469,43.0,85.2,3,2,1,0.42,2,0,5,1.4
NVDA,1m,2020-01-02,2025-07-31,1402,10,0,0.0,99.8,0,0,0,2.8,2,0,2,4.0
